,G1-Ah,G1-Bw,G1-Cox,G11-Ah,G11-Bw,G11-Cox,G2-Ah,G2-Bw,G2-Cox,G3a-Ah,G3a-Bw,G3a-Cox,G9-Ah,G9-Bw,G9-Cox,Ah-1-1,Ah-1-2,Ah-2-1,Ah-2-2,II-P-1-1,II-P-1-2,II-P-2-1,II-P-2-2,Of-1-1,Of-1-2,Of-2-1,Of-2-2,arctic_tundra_TL1,boreal_forest_BZ1,hot_desert_MD3,hot_desert_SF2,hot_desert_SV1,polar_desert_EB017,polar_desert_EB019,polar_desert_EB020,polar_desert_EB021,polar_desert_EB024,polar_desert_EB026,temeprate_coniferous_forest_DF1,temeprate_deciduous_forest_CL1,temeprate_grassland_KP1,tropical_forest_AR3,tropical_forest_PE6,2012_10_Soy_No,2012_11_Corn_Yes,2012_12_Soy_Yes,2012_13_Corn_Yes,2012_14_Soy_Yes,2012_15_Corn_Yes,2012_16_soy_Yes,2012_17_Corn_Yes,2012_18_soy_Yes,2012_19_Corn_Yes,2012_1_corn_No,2012_20_Soy_Yes,2012_2_Soy_No,2012_3_corn_No,2012_4_Soy_No,2012_5_Corn_No,2012_6_Soy_No,2012_7_corn_No,2012_8_Soy_No,2012_9_Corn_No,2013_11_Soy_Yes,2013_12_Corn_Yes,2013_13_Corn_Yes,2013_14_Corn_Yes,2013_15_Soy_Yes,2013_16_Corn_Yes,2013_17_Soy_Yes,2013_18_Corn_Yes,2013_19_Soy_Yes,2013_1_Soy_No,2013_20_Corn_Yes,2013_23_forest,2013_24_forest,2013_2_Corn_No,2013_3_Soy_No,2013_5_Soy_No,2013_6_Corn_No,2013_7_Soy_No,2013_8_Corn_No,2013_9_Soy_No,ERR1104480.fastq.gzaligned,ERR1104481.fastq.gzaligned,ERR476938_1.fastq.gzaligned,ERR476939_1.fastq.gzaligned,ERR476940_1.fastq.gzaligned,ERR476941_1.fastq.gzaligned,ERR476942_1.fastq.gzaligned,ERR476943_1.fastq.gzaligned,ERR476944_1.fastq.gzaligned,ERR476945_1.fastq.gzaligned,ERR476946_1.fastq.gzaligned,ERR481108_1.fastq.gzaligned,ERR481109_1.fastq.gzaligned,ERR481110_1.fastq.gzaligned,ERR481111_1.fastq.gzaligned,ERR481112_1.fastq.gzaligned,ERR515173_1.fastq.gzaligned,ERR515174_1.fastq.gzaligned,ERR515176_1.fastq.gzaligned,ERR515177_1.fastq.gzaligned,ERR515178_1.fastq.gzaligned
Rhizobiales,1111021,881021,642378,977309,1575810,792561,806827,773724,462494,1750500,1422585,886690,1436705,1120268,882801,654668,600670,197945,190913,400202,381730,681351,665883,555955,542952,682970,661794,457254,530811,146029,163234,320142,57777,19770,64677,25543,57220,31362,364805,568770,281894,275178,470917,41335,29493,7045,79780,35296,35960,40683,31534,208,217,27593,28744,56693,18082,29397,28084,73110,36323,59539,35485,24583,2160,40465,41782,44766,40476,38000,71029,39815,19863,33357,88596,76546,26742,2367,35105,36331,16451,35281,34770,2557890,2500184,133430,114392,59006,123923,142792,70127,10568,67082,27830,76212,53471,147456,38967,38420,25181,22695,35181,35985,36932
Streptomycetales,345528,254699,187419,437591,413630,198529,288186,173977,145403,583336,323922,269885,761766,395083,367103,43290,38927,12390,11960,58035,53881,82575,79506,36369,35906,46942,44560,41648,27845,65654,53549,107499,42783,104831,112311,101032,183021,23282,19979,28041,45576,37672,79308,7938,8329,1951,26665,9382,24808,12140,9637,44,38,6657,7247,7799,3580,4682,7974,13153,7863,10515,10824,4649,610,10085,8867,9089,7556,7043,17819,8163,3179,6599,7438,8235,3385,288,7468,9343,2345,6118,5584,169384,162643,61310,30957,15568,68758,73493,46174,4504,28783,11903,65310,25041,86117,20572,19953,64420,55656,8221,8062,8535
Corynebacteriales,292862,154766,108808,218657,328241,156717,154035,121093,85284,313463,233947,173907,395846,260606,260337,60626,55799,14576,14319,47377,45772,72258,69750,59898,58322,73463,71182,23952,36237,40485,35682,64281,28430,68118,86007,93749,135704,17512,53394,99446,49779,36327,53905,19129,13786,2625,36861,11820,13502,16562,12945,43,104,10011,10095,16335,6304,7751,15223,32896,17951,25167,18572,9182,918,13925,13322,13619,11590,9039,23067,12816,4388,10565,24807,22744,7122,604,13667,16705,5746,13826,13764,844365,816846,65362,34630,17423,60026,51087,40681,5664,33849,14228,41764,21581,62948,16447,16764,34159,29677,5629,5818,5747
Burkholderiales,195721,257128,155823,341538,567823,324896,168838,173952,217848,282698,536857,509752,412981,369736,404799,108304,104703,34413,32987,116982,111535,159820,156149,206402,200705,240926,233310,121598,92839,41613,52552,97063,90861,3088,80678,39163,72329,105868,73663,125511,87156,77653,135317,11672,9785,2707,22044,10804,8735,15286,8797,65,46,6962,8928,22529,4780,10879,6290,19318,9911,17798,8740,10650,842,14733,16989,25207,19332,17975,26137,16411,8819,15789,13387,24404,12854,1092,9372,11053,7081,13436,10002,458410,445994,44456,32450,15711,23241,39864,61137,4983,33539,13970,32278,33311,72402,18261,19981,17913,15921,28721,28828,29205
Solibacterales,80584,83718,56780,105284,172218,78376,72164,62068,40570,206806,196182,101374,178146,105794,73085,71610,64083,21090,20244,69189,65539,105981,103396,60753,59464,81315,78743,83492,46253,4567,11478,15872,15249,0,5986,1365,6401,1434,18096,27889,16751,16126,130859,1809,1617,814,4467,2788,3845,3669,2477,21,14,2267,3619,3023,1254,2623,1931,4783,1972,3644,1710,1275,179,1816,2249,5646,3634,3891,4046,2306,1749,2208,6240,7357,1464,217,2694,2117,964,2522,1680,132415,127775,9616,7199,3710,7119,5044,5014,819,5564,2408,18445,14643,40344,8499,9915,4838,4337,6606,6527,6712
Acidobacteriales,243725,164816,100498,148774,269446,151996,171361,143081,74633,447953,338810,166312,219076,141959,112961,111273,101663,42804,41169,111736,105813,189681,183614,92422,88529,109817,106102,86686,88025,1410,5045,5837,13156,0,4904,1628,3733,0,25715,82861,13806,13823,182821,1056,1064,775,3162,1935,2562,1848,1814,10,6,1473,2265,1632,602,1351,1471,3212,1298,1802,1008,700,139,1427,1954,4104,2570,5484,3381,1546,1513,1935,10634,4741,863,143,3538,2174,676,2002,884,144623,141084,4083,3658,1709,3967,47556,150992,7048,43996,18162,28119,32722,79391,15911,19034,19104,17676,18373,18221,18840
Sphingomonadales,28514,30003,19330,46380,83986,43733,23264,21145,20579,50739,47185,33404,47017,43647,27811,23178,21729,6823,6834,17037,17071,24574,23831,75511,74186,97417,94199,10617,24761,62951,92621,217280,93093,3500,154567,20065,179013,141898,12683,32276,68401,29606,25538,4979,6194,1286,23364,6956,5387,7260,6454,34,21,4217,4434,13472,2635,5258,3821,6988,5288,9156,5934,7855,642,10707,15813,16382,14941,12280,20535,11826,7064,13842,4246,6555,9772,718,7786,9714,3504,8422,5775,114394,111282,68029,37444,18474,38762,30627,25618,8013,50145,20769,14559,9099,33957,7855,10324,3280,3007,5199,5732,4932
Solirubrobacterales,69710,69410,47970,136235,129626,35550,65296,58867,33148,43324,71114,65538,171616,147538,123383,3567,3123,780,717,2879,2628,4862,4689,5940,5671,8306,7870,7011,8088,54180,43329,83261,29801,193280,196050,180185,220488,9092,8016,9425,23310,12295,5349,11066,8210,1302,22015,8251,7114,7825,6545,16,53,6163,6787,9004,4268,5319,6989,14140,8002,12629,9495,5745,441,8555,9132,5519,5844,5336,12192,8847,4118,6607,3940,7698,4739,448,6040,7010,2398,6061,8558,210959,198062,46585,37757,18886,49788,32898,13090,5563,34374,14746,41733,6961,28651,6447,10675,3259,3026,4282,4330,4489
Chthoniobacterales,96386,50200,32525,35039,44505,30962,53603,44689,24053,51171,60515,50608,113919,104824,93818,41719,36716,9554,9081,52084,49760,74937,71358,25224,24291,29820,28360,5476,12710,4374,6900,8908,9821,0,25826,5547,28666,7344,11708,12532,21352,17694,4412,894,692,246,1117,862,503,1201,479,4,13,481,731,1407,360,820,524,1558,904,1610,862,718,56,870,1258,1571,1358,1630,1585,893,612,868,1728,2242,917,73,1000,831,507,898,1000,95040,92671,4490,2759,1348,2461,1369,658,372,2486,997,2917,893,3704,1096,1282,468,412,488,484,427
Ktedonobacterales,86916,57453,35673,121896,70354,37104,111384,55553,25795,264686,103952,36750,203901,55209,19963,4392,3941,1248,1288,25990,24630,39812,39445,1337,1348,1741,1650,11549,2331,6093,2607,4433,2386,866,2616,1707,2294,331,991,2465,1053,1403,16199,171,239,101,998,620,845,436,643,6,3,398,347,261,113,191,203,511,200,244,304,189,25,285,257,630,399,635,855,190,105,217,522,337,88,10,358,497,104,225,103,10091,9934,1625,1507,960,1467,778,675,111,1031,326,3462,3112,4989,1870,1601,1110,920,1500,1356,1574
Micromonosporales,45496,31894,23344,62220,54447,26407,43256,22730,18881,88991,43177,38054,165315,86167,75049,11019,9604,2487,2351,9714,9038,14162,13707,10969,10679,17352,16342,7561,6472,56986,56175,116752,10138,22867,25937,22340,42836,5133,12645,12418,39453,17250,13450,7075,9384,2227,18632,8907,12699,15611,7933,19,42,6227,8092,9857,3460,8820,4927,11946,6154,9201,5155,5430,520,8122,7397,8815,10231,8310,18600,8623,4916,9655,3903,5700,4675,529,6730,7334,2955,4387,6468,107367,101954,90564,35913,18621,100927,91904,17809,7423,45284,19729,62514,16122,59411,18903,18882,20176,18216,3122,3019,3192
Propionibacteriales,17679,13377,10196,25348,30835,14993,15953,11168,9613,29387,27263,26117,60570,35795,52675,3160,2976,708,717,3468,3112,4862,4510,10090,9639,12863,12186,3701,4360,34980,39249,71774,24757,21670,137916,27813,168920,20413,4493,4618,28995,10878,6094,11493,10646,1555,43354,11990,8955,12474,8794,44,67,6813,8052,11925,5389,6413,8272,13626,13356,17399,10881,7058,645,14947,13544,8079,7709,6213,18063,12618,4808,9597,3076,7532,6866,445,6952,9301,3305,7597,9339,179025,170165,61498,36159,17856,50164,32996,12500,5961,34256,15093,42860,12857,43414,9828,15214,6247,6687,2121,2392,2456
Bacillales,50630,76903,59130,85236,139203,90869,50307,55280,59247,72412,118380,120971,111571,115007,114847,16947,15852,5425,5531,22850,21799,32990,34022,16657,16467,20967,19994,13756,14638,20421,20938,30248,26955,10263,24896,17067,18896,6617,7586,12962,14778,21577,21367,1797,1155,245,3146,1392,1714,1269,1181,6,7,999,1158,2022,683,1271,1718,2836,1571,2507,1898,1039,48,1528,1786,1740,1389,1422,2518,1503,690,1245,1418,1894,992,61,1195,1550,551,1637,1719,159964,157483,9487,7305,4259,7330,7634,13402,1436,8999,4004,6611,5521,15081,3151,3340,3582,3157,5783,5644,5771
Gemmatimonadales,18556,26525,22520,52260,56672,32473,20138,26173,22589,50081,79897,74445,89228,56805,84584,5369,4752,1616,1498,5421,5130,8394,8152,11370,10783,14775,14174,15101,12763,16617,22993,46103,34288,4391,41831,37190,28694,11163,4390,8136,12487,12503,17066,2572,3286,912,4918,3242,1536,2932,2109,14,15,2591,2793,6106,1363,3749,1536,4813,2241,4194,2885,3506,244,3794,4496,7956,5971,4895,7651,5557,2678,4068,2696,3985,3428,318,2812,3248,1539,3773,2642,59857,57132,42737,42688,21873,31829,18647,7779,3489,22591,9469,30641,25010,59006,15171,15776,10861,9532,38803,39162,39481
Frankiales,39448,32841,23069,50821,53024,26199,36125,21719,17708,73244,41311,35479,108580,49863,46901,4249,3768,989,896,6849,6219,8999,8699,6024,5677,7449,7045,6771,5788,8580,6435,10944,5132,20674,17115,21382,41589,5274,3214,3814,6750,4307,7580,1378,1222,249,3675,1686,1466,1447,1604,2,13,1027,1369,1118,536,807,1344,2094,1226,1856,1205,784,76,1351,1349,1626,1192,1405,2420,1207,490,1185,1975,2396,589,62,1500,1309,455,1023,1092,54838,52225,14763,7124,3316,17588,16674,14863,1207,7551,3326,15100,6335,20726,6316,4919,15130,13660,1458,1480,1390
Pseudomonadales,26561,31657,22150,39142,58076,41590,21477,23078,21674,49270,86851,117907,44297,36668,38889,16589,15846,5488,5265,16256,15971,23682,23003,21169,20857,24680,23882,12344,22773,5675,8081,11778,10306,2913,8097,6365,7364,7310,7465,13523,9321,9656,40852,985,842,210,1367,956,488,860,481,0,2,436,530,2537,494,916,506,1646,843,1549,760,731,76,1667,1286,2213,1750,1285,1704,1151,606,1104,1513,2024,1319,83,843,803,547,1229,1134,38537,35400,6318,15013,7455,5075,10037,11566,773,4660,1906,3040,2801,7283,2676,1781,2263,2195,2717,2629,2997
Micrococcales,54646,56400,34430,102809,144640,77152,56987,35987,46705,88621,74091,71210,160320,117360,134973,9736,6474,0,0,11363,7267,18117,17738,18826,20284,22238,21103,25827,10098,42177,34788,55674,17699,82617,110137,56213,103601,12739,6624,6298,37874,15511,17364,10058,9999,1680,34470,10276,8932,14343,8777,17,25,4427,7820,16756,4284,7271,6070,12750,10011,14587,8633,6896,865,15264,13364,12089,8914,8258,18420,10715,3956,10848,3662,7814,8203,417,5180,7529,2726,6778,8943,237213,227051,69548,44424,22281,58093,35461,26620,7158,43567,18618,29556,13655,45068,9521,12878,13850,12270,5090,5036,5004
(Pyrinomonas),6161,16794,12021,25670,41086,15153,8500,12632,12051,22143,42601,32100,116520,81572,90166,1433,1358,345,369,3087,3006,5964,5722,2491,2769,3191,3036,1580,15544,24176,38770,59998,224543,357,19796,7757,33943,4844,3257,5583,10753,11603,4508,901,867,122,1116,836,451,833,490,8,5,875,892,2525,502,1982,461,1645,976,2246,837,1118,40,964,1044,1284,2016,1973,1956,1626,769,1198,1006,1565,1288,122,802,643,484,1141,958,23245,22364,8517,3839,2072,7250,4577,1263,1319,8718,3580,2005,1785,3925,996,1072,823,773,898,890,956
Verrucomicrobiales,45332,30386,21885,45277,42813,25849,28397,24094,16311,58597,58685,36006,68638,57392,48317,33675,30388,10351,9529,32983,30588,50458,50043,26135,25217,30757,30022,18368,25110,3970,7772,9275,17175,0,14672,4633,16212,21442,13682,20590,16041,19152,22432,2632,1474,477,2875,2651,1538,2720,1208,13,2,1378,1938,4697,1224,2862,1310,4731,2741,4921,2509,1522,97,2302,3256,4646,2927,3799,4198,2525,1656,2150,3978,5680,2328,258,2578,2371,1404,2942,2497,116959,113082,12932,11098,5896,7707,6276,2862,1314,8533,3654,8117,5744,23401,5632,5652,4449,4013,4601,4393,4666
Rhodospirillales,57812,45302,27493,35727,78170,25490,42942,37865,13724,102350,72921,26239,56783,36535,21741,100587,90443,31246,29735,66221,62551,106237,101966,86372,83369,107535,102858,18082,30921,34656,30112,66649,9135,0,6472,5476,10804,1756,27498,41694,24402,23446,47140,4776,4346,1157,9412,4484,4037,5030,4190,14,17,3661,3759,7517,2214,4508,3187,8186,4227,6486,3480,3472,259,5618,5693,7008,5364,5076,8593,4922,2791,4755,6740,7924,3835,347,4812,4491,2094,4668,4107,211052,204473,33705,35187,17779,37142,58393,147261,3640,23425,9532,23249,16056,49068,11810,13480,11970,10910,14824,14775,15398
Flavobacteriales,14944,12673,9550,24938,28600,15213,14694,10544,9283,21421,26086,17895,43482,31248,26031,12497,11960,5121,5030,7466,7291,12450,12561,46289,45379,56148,55619,11929,18366,10519,13854,24264,56826,530302,38235,21146,37164,398384,7494,8428,20844,9092,7377,714,620,132,1078,719,314,976,384,3,0,358,447,1828,341,653,264,998,720,1379,608,713,54,1270,1555,2171,1370,1781,1588,1089,553,1126,796,1579,1065,83,662,780,609,1012,904,83224,82164,16494,20192,11301,8106,3656,0,959,6335,2872,2796,2556,7259,2267,2575,1274,1262,1875,2052,2135
Pseudonocardiales,65781,42678,29994,78209,72531,38805,51483,29583,24818,93643,60069,47242,190725,115754,95857,6596,6239,1770,1832,10018,9479,14448,13790,6545,6192,8550,8223,8933,6298,39789,30521,60548,14353,39429,43849,82740,51347,6117,4661,7804,16332,9828,14596,4822,6277,1380,10407,4200,5125,6167,5825,43,20,3398,4068,4332,1940,3122,3255,6489,4217,5347,4257,2838,264,4598,3627,4332,4028,4671,8428,5333,2454,4340,3301,4420,1921,202,3577,4015,1238,3133,5222,75652,71741,47748,32721,16989,72116,80870,23199,5623,35248,15000,34935,11550,36855,10639,10022,24548,21396,2891,3069,3085
Planctomycetales,101354,100683,66710,99096,185961,105054,72970,73749,62827,123387,138478,126027,140538,119908,99703,105635,94166,24947,23549,42814,40504,78612,76411,87618,84304,92374,88318,24058,26996,19942,33733,47234,26218,783,37363,11032,26421,17952,24711,41864,20515,21627,36404,6377,4571,1056,8696,5087,4534,5769,3619,23,33,2947,4482,8427,2274,4342,3579,10329,5675,10285,4618,3500,245,4585,5828,6569,4354,5141,7035,5170,2442,4429,5202,6802,4788,294,3497,3800,2081,4932,4836,231174,223193,45397,54553,28155,38064,20544,3445,2941,18731,7630,7884,6599,15842,5749,4950,1999,1694,3065,3056,3064
Myxococcales,51212,57426,43844,78163,100357,50708,37902,37569,43132,83601,129899,80115,135516,94591,92950,44509,38793,11218,10701,47035,43470,60008,57596,67840,65337,91373,86659,19730,20299,23774,41480,64021,23171,0,14840,9892,17114,10623,20034,24897,19260,34003,48203,8419,7468,1993,10470,7093,4283,8620,4390,25,35,3904,6431,17878,3717,8384,3766,13040,6932,12770,6237,6484,438,9385,10049,15619,11325,12211,14335,11430,6391,10376,6880,12187,8887,729,4926,5497,4221,8503,8691,261953,248863,68570,47904,24394,63838,34656,7169,5903,36550,15116,29025,18584,57543,13433,14269,5628,5024,13059,13182,13227
Xanthomonadales,49493,43160,31911,60616,81107,51873,31800,29913,29351,63000,87150,57451,66257,49848,45501,32963,29994,10812,10326,21579,20598,30962,30092,54192,52771,64464,62037,15357,24208,3718,7270,15187,33224,3650,33506,34291,38946,73461,14798,27485,25182,16193,43033,3268,3066,892,13348,6626,3261,4139,4402,30,29,9230,2934,7130,1999,3461,1971,4572,2933,4866,5241,3391,458,13084,14284,9825,7767,5258,24144,4555,3179,6084,2967,5154,4094,326,3240,8310,1867,5511,3023,123419,120432,43305,35396,18022,24189,72097,61347,4081,26187,11053,15073,7618,30592,6066,6819,6224,5435,5083,4987,5206
Desulfuromonadales,3773,3525,2356,5135,7146,3699,3560,2646,2312,6029,7951,6203,7809,6422,5742,3002,2793,550,535,7228,7112,7542,7378,1739,1694,2031,2052,20090,2089,1043,1244,1564,2216,0,1515,1210,1510,519,866,1487,1224,4562,2631,541,228,34,351,189,169,620,93,1,4,185,507,333,109,435,273,838,273,656,414,240,3,210,421,1196,388,339,314,212,191,369,494,1747,303,31,207,303,133,413,372,39878,39184,9788,5103,2706,4547,2343,4557,390,2528,1080,14449,32102,74659,18493,10323,16489,15314,30162,30972,30903
Streptosporangiales,118192,46182,34220,121181,44637,10702,101343,20352,17343,243863,61853,15020,269626,66278,46218,4385,3727,0,0,8810,8762,8390,9124,0,0,0,0,14597,1719,9759,8037,12255,2553,19694,18078,19281,30974,1394,4276,5597,8038,6705,24994,1686,2040,593,8742,2239,5694,2193,2853,7,11,1190,1787,1864,643,1394,1470,2728,1519,2062,1816,1237,135,2068,1875,2417,1599,1899,3178,1516,655,1528,2742,2604,746,85,2276,1686,527,1389,1518,40133,37932,13723,6007,2854,17485,23062,14563,1197,7323,3052,27186,9863,36860,7273,8425,34340,31525,0,483,549
Nitrospirales,3937,8456,5969,5851,9343,7598,3493,5891,6731,10788,29133,21867,14584,15662,31587,2062,1939,646,636,3007,2925,4430,4454,1376,1284,1670,1665,2850,2079,3025,5431,7741,7959,387,5573,1284,4642,1238,1136,2253,3018,13105,11870,1497,813,160,1831,1416,542,873,641,1,8,722,971,3313,778,1761,833,2810,1243,2208,1341,1074,62,1487,1372,2408,1949,1546,2512,1789,874,1582,2138,2685,1622,140,1025,1244,820,1950,1418,57354,56599,2648,4788,2337,2313,1933,2698,354,2148,916,6906,7902,19206,4835,4612,2078,1807,4769,4974,5036
(Candidatus Entotheonella),8549,10651,6639,8974,13058,6846,6207,7926,6430,11970,23170,18471,23002,16907,20929,7524,6987,2179,1990,8132,7944,12744,12340,3560,3412,4498,4136,1738,1505,3243,6014,6829,1599,369,1184,856,1217,285,3338,4299,5978,13026,8154,1841,844,57,858,377,330,351,415,1,4,391,441,968,294,775,567,2880,1310,1723,1644,1038,21,798,773,437,484,988,1718,1158,255,693,1675,2399,392,31,677,904,732,960,1628,20801,20062,18628,11494,6123,20229,8456,1472,1261,7914,3352,3305,3057,6879,2431,1809,1227,1094,1781,1820,1832
Chitinophagales,18262,0,0,54329,52449,18263,19774,0,14729,0,38308,0,68314,48306,0,14222,13166,4155,4119,0,0,0,0,94683,95205,128154,126251,19799,38231,40330,52075,99665,153114,2002,121111,26638,119821,56991,13583,18734,62704,17084,8581,2194,2586,863,3939,2212,1336,3617,1613,30,2,1359,1846,6010,1195,2774,877,3515,2159,4005,1650,3041,200,4341,4679,7028,5282,5613,6764,4379,1816,4223,2141,3742,3941,324,2204,2618,1761,3118,2322,190164,187446,18815,6726,3867,6467,4524,0,1711,10509,4539,10759,7714,21984,5844,8453,1592,1442,0,0,0
Rubrobacterales,1318,2081,1402,2345,4021,2095,1205,1491,1353,1923,3025,2940,4245,4034,4695,0,0,117,0,354,328,659,576,0,0,0,0,312,819,64698,47533,89697,6250,69519,30282,35090,7344,593,189,266,1968,721,562,694,689,17,356,151,149,103,400,0,1,105,126,154,98,111,318,630,248,363,345,447,5,285,243,148,122,342,337,394,75,213,127,234,74,14,147,156,93,139,271,4541,4320,13800,22213,11327,8994,3503,2117,1662,10215,4317,1070,587,1442,339,412,337,280,450,518,515
Rhodobacterales,10214,11246,8628,12830,18809,11712,8458,9026,7044,15223,20124,16509,19716,15192,14072,7905,7824,2278,2414,0,0,10837,10556,1772,1804,2744,2648,6318,6713,8743,10899,18986,7011,40247,9905,11637,10334,35477,5098,9008,5048,5991,11783,1474,858,125,1794,978,691,822,720,0,2,507,628,1759,374,930,646,1812,1118,1798,1032,652,21,1152,1154,1373,1097,1078,1670,1266,533,1014,1693,2060,877,34,805,863,371,1164,1254,57999,60653,11019,18199,9552,11363,25180,9892,921,5136,0,4270,3411,9845,2586,2612,2295,2151,3764,3697,3970
Bacteroidales,8419,8133,5587,12219,15397,8434,6816,5889,5349,12363,14476,10248,19543,14384,12909,5043,4580,1695,1628,4450,4297,6752,6536,9350,9371,11487,11265,17752,5566,2555,3125,5668,11920,8358,8352,3878,5645,4527,1885,3062,4536,3130,3934,449,207,47,533,191,139,315,212,0,2,224,206,456,108,201,216,456,173,386,339,238,10,406,389,415,466,408,374,252,135,268,430,521,264,43,203,254,104,298,227,9913,9323,3234,2322,1286,2547,2593,2653,946,5590,2439,1344,1157,6623,1390,715,2198,2413,4867,5117,5242
Thermogemmatisporales,28407,19727,11330,34099,25038,13518,35246,17424,10126,80693,36345,13322,62327,16052,6791,831,767,223,206,6114,6075,10873,10452,0,0,0,0,4190,624,415,351,504,344,0,376,0,0,0,217,440,254,386,5412,52,48,32,319,181,314,118,183,0,0,105,75,92,23,50,64,155,55,77,96,0,2,97,91,223,135,253,327,75,60,92,127,103,32,0,134,153,23,67,36,2370,2449,309,299,0,0,268,348,33,0,110,1276,1178,1788,683,641,377,352,449,350,355
Sphingobacteriales,22937,6714,3841,12486,19698,7615,11781,5217,5791,16142,13634,9270,15762,12560,7093,10186,9905,5877,5857,2267,2128,4133,4120,45055,45130,57804,57291,7742,24301,5762,6445,12420,25282,3151,15399,5811,36258,43453,3930,5809,8404,2644,4375,298,351,96,638,684,225,935,227,0,4,219,272,805,176,366,142,519,302,564,283,356,26,605,714,1003,657,1151,913,585,247,544,529,681,504,22,424,581,243,431,367,32053,32115,5738,1864,1067,1607,1163,0,635,3979,1858,1489,942,2961,701,1189,431,471,499,591,561
Caulobacterales,14992,11604,6439,18239,29226,12201,10591,6361,6332,26819,19212,11287,20994,16964,11616,18559,16727,5251,4969,7005,6417,11022,10428,57134,55408,73590,70240,7629,10995,5919,8030,22335,2694,0,3937,1077,6505,44992,7090,10063,12733,3209,12297,794,1075,347,3279,1340,954,2169,974,0,6,755,1125,2231,532,1250,517,1578,738,1666,608,952,101,1229,1700,2840,2285,2241,2369,1440,1226,1737,1429,2025,1334,145,1513,1287,688,1061,787,36343,34751,9186,6229,3086,5813,6219,6413,831,4863,2178,3163,1792,6106,1635,1879,1065,1025,1163,1110,1154
Opitutales,8516,6041,4058,8659,10188,6474,6582,4936,4845,8631,11030,8488,16610,13875,10832,6120,5417,1366,1358,5976,5878,8281,8049,7120,7051,10383,10112,4170,4737,1188,2168,2312,1616,0,2552,1390,3766,1689,1800,2312,3553,2602,2433,492,456,129,701,612,297,1050,283,2,0,237,546,1079,216,617,211,862,539,1018,407,516,37,793,1042,1719,927,1415,872,680,567,791,664,1091,581,58,590,479,378,672,532,18035,17484,8224,4183,2282,4603,3836,1284,619,4042,1665,3335,1514,6468,1475,1600,1017,808,1385,1221,1254
Cytophagales,4564,4939,2998,23868,27659,5154,12967,3539,3046,22806,24080,17030,35631,28335,6005,8720,8168,2389,2180,6952,5766,9827,9475,25269,25293,32778,32561,7251,18042,27175,37555,66636,80283,90365,40276,61201,60607,86664,5313,8378,18776,6244,7437,912,1024,292,2984,837,516,1376,849,12,2,441,547,3066,486,1084,528,1512,941,1922,970,1141,71,2048,2323,2813,1678,2378,1928,1397,743,1548,857,1521,1808,126,746,1118,649,1309,905,66053,73644,22589,16731,9815,11770,5992,1510,2130,13101,5760,2720,2081,6095,2263,3033,1051,279,1629,1749,1835
Clostridiales,7225,10497,17687,11232,41366,28311,6978,7576,11677,10630,40975,27090,15066,14813,13463,2709,2545,1099,693,3284,2930,8526,4575,4125,4097,4773,4271,4563,2410,5567,5378,7105,7987,838,8995,4864,3057,1823,1260,1910,1656,3542,6389,389,187,69,296,474,316,147,123,2,1,336,132,623,157,499,159,808,453,860,446,327,14,190,522,274,186,189,245,204,211,178,566,721,131,28,269,118,126,214,547,20630,20383,1406,2052,1120,948,2351,18016,759,4759,2050,2536,2702,8010,1019,1317,3471,2976,5009,5576,5286
Nitrososphaerales,6514,11726,8532,5497,7298,8105,6917,8766,7160,0,16886,18240,18548,13384,10398,0,0,0,0,0,0,0,0,0,0,0,0,0,0,28625,38132,78822,3998,0,3322,916,3785,0,0,0,5730,13730,4251,1122,525,51,963,277,264,389,495,4,1,212,329,475,167,213,374,1170,565,964,919,383,20,718,537,303,342,424,944,711,155,467,220,336,287,16,316,504,239,597,658,19283,19191,12163,9781,5530,6501,3829,0,823,3729,1787,1127,646,1768,519,550,497,387,459,465,372
Nevskiales,6981,8749,5890,12408,21980,16628,4171,5646,6543,16213,22657,15261,10652,7618,7896,4418,4279,1275,1232,3499,3309,5249,5064,3195,2973,4288,4079,5509,6560,1016,4312,5662,1499,0,0,1018,0,0,2516,10012,2827,3203,9322,1106,763,177,1120,697,380,595,405,4,0,319,423,1845,380,976,336,1371,626,1114,1015,708,26,1017,1169,1219,1026,1415,1611,1209,511,871,1020,1452,1035,67,480,658,410,659,1427,19438,19060,6022,5557,2813,4791,34925,73861,1239,8183,3533,2826,1371,4447,1723,1153,1085,863,855,874,890
Legionellales,6641,9148,5827,8933,16303,9566,4980,5828,5967,9512,13996,11384,10292,9134,7841,4010,3887,1524,1538,4540,4386,6530,6173,4446,4334,5307,5290,3111,4630,664,1268,1564,7121,0,1604,1980,972,1698,1793,3323,1470,1639,3761,140,82,13,203,128,125,141,98,0,0,51,128,262,62,131,114,276,152,193,115,71,7,154,183,237,141,228,243,138,107,179,247,275,135,12,160,127,79,162,173,8854,8697,1214,1780,650,959,3314,3110,196,1139,502,596,570,1712,368,416,519,455,758,825,775
Acidimicrobiales,5442,6086,4286,9416,11850,5995,4546,3939,3969,7680,9060,8909,13259,9668,10597,0,0,0,0,0,0,0,0,3041,2888,3220,3191,1676,1599,3304,3919,5887,6598,3878,18421,12347,34643,12951,1184,1413,2963,1581,1698,1271,693,79,1879,673,585,816,623,3,3,413,415,1162,297,562,520,1554,979,1609,793,584,32,1005,989,755,698,632,1305,857,256,843,518,1460,687,30,499,675,294,717,1058,46542,43675,15775,6659,3462,14265,9250,18927,1166,7358,3218,3226,1441,4536,1536,1176,2020,1816,0,167,0
Jiangellales,2091,0,0,2831,0,0,2066,0,0,3915,0,0,6290,3356,3211,0,0,0,0,0,0,0,0,0,0,0,0,0,0,1130,1251,1804,979,2911,2817,2764,4445,530,0,0,862,694,0,347,185,27,623,218,180,175,248,0,2,115,140,238,94,159,218,423,188,298,301,214,18,299,249,197,180,183,375,201,75,188,191,303,120,25,278,184,52,133,297,4992,4617,27107,3916,1898,28885,21943,1331,1472,8624,3621,2126,739,2132,544,540,851,706,286,0,0
Chromatiales,3601,5185,3775,6123,8540,6538,3073,3748,3729,6537,10476,7270,7301,6329,6217,5015,4698,1583,1620,5475,5164,8243,7900,1537,1522,2115,1954,4655,1843,2831,4095,4754,7842,882,4190,4135,1515,557,915,1929,1069,3726,5544,594,302,80,270,384,129,161,78,6,0,226,340,974,172,494,141,913,442,303,443,312,6,259,491,660,575,667,315,540,94,193,304,1065,201,23,169,164,106,506,559,19717,19618,6885,10473,5226,7254,20227,19663,1503,9078,3808,3501,3544,9872,2042,2023,3790,3526,4735,5060,4837
Geodermatophilales,3718,0,2517,4849,0,0,3470,0,0,6411,0,0,9301,5112,5129,0,0,0,0,0,0,0,0,0,0,0,0,0,0,96446,24277,118998,3017,34202,14714,15090,28808,4829,0,0,2844,0,0,962,1337,205,3655,1273,1203,1301,1856,5,0,802,1035,1309,635,546,909,1292,662,1288,771,921,100,1257,1502,1135,860,886,2010,1734,459,1266,210,326,826,45,797,911,266,587,605,8178,7783,5752,3030,1144,6388,4079,3276,680,3429,1584,3212,906,3208,804,1342,1684,1748,0,0,0
Methylococcales,7236,0,0,0,0,7907,4877,5240,4474,11912,14082,9856,13355,9994,9515,5993,5242,1732,1220,4599,4398,7062,7147,0,0,0,0,4458,2697,1870,0,0,5413,0,0,0,0,0,1851,3084,2119,2735,2340,305,246,52,0,274,0,262,0,0,2,0,267,349,96,212,134,710,291,546,379,221,8,330,0,236,371,427,600,375,0,335,561,676,292,12,0,257,117,410,353,18240,17519,2889,3092,1667,2948,0,5090,359,2688,1186,1137,1477,4039,761,585,1656,1549,2580,2470,2486
Alteromonadales,0,6960,4769,0,11029,7824,0,0,0,0,13067,10423,0,8880,0,3549,3138,0,0,3632,3325,5046,4834,0,0,0,0,2159,2750,1565,2717,3404,3900,0,2836,2886,0,2280,1091,3159,1859,2917,3525,376,159,0,0,0,177,210,0,2,0,167,0,578,54,194,149,535,286,470,257,0,3,361,344,421,328,446,497,127,191,261,387,618,306,23,220,247,153,334,303,10621,10386,2376,4525,2255,2979,5460,4306,466,2503,1028,1333,1163,3399,815,691,915,954,1539,1498,1489
Desulfovibrionales,3584,4069,2764,3786,6491,3982,2635,3193,2337,5178,6642,5702,6736,5330,5845,1933,1934,659,629,2598,2552,4141,4172,1505,1438,1806,1784,2269,1654,1045,1428,1785,1981,0,2346,1573,1917,560,1002,1566,1366,2079,2553,241,121,22,324,176,110,158,107,1,0,98,175,365,94,158,114,353,233,299,185,160,6,203,220,270,180,239,300,232,106,177,314,422,166,16,169,193,85,225,180,7671,7532,1491,1763,966,1463,1429,1614,206,1485,469,1236,1187,3495,765,711,854,858,2064,2198,2047
Gallionellales,0,0,0,0,0,0,0,0,0,0,0,0,0,0,0,766,692,246,179,0,0,0,0,623,647,808,760,19727,882,0,0,0,0,0,0,0,0,0,325,0,0,0,0,0,0,0,0,0,0,0,0,0,2,0,0,0,0,0,0,0,0,0,0,0,4,100,0,0,0,0,0,0,0,101,128,325,0,5,0,0,0,0,0,4483,4286,0,0,0,0,0,1565,0,0,0,8451,14968,22913,3949,2327,4140,3628,16733,16663,17337
Synechococcales,4920,5621,3947,5218,9249,5279,3708,4030,3429,7507,9516,7804,9014,7394,7278,6469,5858,1847,1677,7186,6922,11319,11178,2604,2410,3010,3188,3118,3422,5029,4388,5886,9019,2443,4852,4604,20030,20365,1772,3049,2738,3805,4714,450,306,29,504,285,197,269,203,0,0,164,279,473,116,271,184,715,341,495,350,312,10,263,349,412,342,337,312,757,179,282,433,617,260,29,250,271,148,330,339,14946,14642,3074,2947,1616,2660,1968,1338,220,1670,746,1708,1362,4075,883,970,792,748,1627,1864,1443
Oscillatoriales,0,0,0,0,0,0,0,0,0,0,0,0,0,0,0,0,0,0,0,1721,1832,2296,2371,0,0,0,0,0,0,54222,77536,27164,10131,0,964,2751,9979,242933,0,0,0,697,0,396,76,0,0,0,162,0,0,0,4,0,155,190,0,0,0,0,67,281,63,66,8,0,0,1351,695,839,0,7043,415,724,0,0,179,12,348,0,155,1113,134,0,0,1890,671,815,632,0,0,0,0,180,0,365,941,614,606,0,0,950,1005,995
Anaerolineales,0,0,0,0,0,0,0,0,0,0,0,0,0,0,0,0,0,0,0,0,0,0,0,0,0,0,0,1634,0,1316,2591,0,3310,0,0,0,0,0,0,0,0,1517,0,360,353,0,376,249,130,314,159,0,0,133,388,1027,191,466,187,817,385,579,394,413,6,333,291,393,401,502,494,367,105,440,0,504,424,20,191,301,158,267,310,0,0,6095,5414,2731,4069,1849,1840,333,2268,952,5999,7617,26214,5123,4503,10499,9373,23113,24443,24653
Nakamurellales,2044,2083,1444,3217,3797,0,1843,0,0,3911,0,0,6094,3383,0,0,0,0,0,0,0,0,0,1479,1298,1290,1261,911,0,592,0,744,0,2376,1928,2131,3210,0,236,0,577,0,0,392,307,164,2390,789,674,782,496,5,0,397,473,305,164,238,571,490,454,702,257,226,81,729,694,1365,606,390,865,458,190,483,197,507,200,22,556,487,134,498,229,45196,42426,1427,781,426,1578,1099,997,135,1027,392,1269,520,1521,429,392,846,623,0,0,0
Syntrophobacterales,3265,3287,1940,2843,4730,3047,2137,2426,0,4197,6207,4593,5918,5320,5204,1899,1879,503,409,2945,2820,4494,4252,0,0,0,0,1766,0,0,0,0,1178,0,0,0,0,0,616,1081,857,1724,1757,0,0,0,0,0,0,0,0,1,0,57,0,0,0,0,0,0,0,0,124,100,2,0,0,0,0,0,0,0,0,0,204,352,91,4,0,0,56,48,39,0,5415,0,1206,559,1059,0,507,526,3504,1486,1104,1245,5186,730,644,2347,2260,5596,5842,5908
Rhodocyclales,0,0,2865,0,7487,4577,0,0,0,0,9649,8665,0,0,7521,0,0,0,0,0,2049,3139,3016,0,0,0,0,5197,2401,0,0,0,2440,0,0,0,0,0,1531,1767,1665,3110,2791,543,245,57,516,366,257,423,250,0,0,209,370,866,159,512,269,914,395,729,383,362,17,580,585,834,536,619,963,507,307,560,630,1326,526,38,338,403,228,561,499,14987,14642,1526,1752,963,1372,2108,2352,203,1238,566,6214,5182,14093,1676,2730,2416,2231,4380,4408,4343
(Candidatus Accumulibacter),2215,3107,2075,3137,4604,2968,1782,2175,2022,3394,7441,5045,4921,3357,3896,1522,1408,393,354,1843,1878,2820,2749,1364,1304,1634,1665,2274,884,348,612,787,1438,0,773,553,632,338,740,814,796,1536,1531,257,103,30,212,128,62,133,81,6,0,75,109,282,67,234,115,355,182,273,202,140,8,157,218,253,213,241,324,172,118,153,321,568,144,23,151,195,107,240,181,11594,11071,943,970,514,911,990,1414,105,689,305,1564,1656,3763,627,924,725,633,1254,1253,1325
Sphaerobacterales,3381,6558,4115,8429,13530,7744,3952,5044,5030,5660,9502,12021,10406,10710,10261,0,0,0,0,1350,1294,2043,2027,0,0,0,0,930,1018,5745,4196,6486,3859,3957,5636,4097,3669,0,450,0,1231,1054,1694,205,219,40,660,312,231,291,236,0,0,186,208,329,150,179,184,516,208,363,261,143,10,352,332,278,209,262,492,401,141,274,194,340,162,16,248,199,113,181,233,9952,9584,5904,3495,1725,4323,3408,1146,447,2860,1101,2330,1784,4109,1017,1102,1268,1119,1522,1722,1676
Nostocales,0,0,0,0,0,0,0,0,0,0,0,0,0,0,0,0,0,0,0,0,0,0,0,6805,6489,8475,8262,0,2411,15310,18493,14295,16619,0,5440,3468,7186,14932,1306,3617,3735,4468,2215,473,239,75,479,264,180,292,0,0,0,132,486,1053,134,308,326,964,232,755,571,226,28,441,551,959,392,583,615,1070,183,585,239,706,449,35,184,221,222,503,536,21128,20114,4926,3734,1915,3595,2566,0,418,2713,1217,1668,1194,2784,1008,783,682,0,988,1631,589
Vibrionales,2623,3167,2135,3648,5249,3559,2002,2133,2104,4520,5971,4361,5056,3806,3718,1578,1554,517,611,1825,1638,2655,2541,1501,1499,1991,1992,1356,1328,878,1253,1672,1559,0,1226,1130,1243,703,652,1293,817,1086,1463,127,87,22,132,75,0,87,57,0,0,0,0,212,0,0,0,189,102,186,94,71,0,135,113,165,120,163,175,133,54,107,142,242,85,7,0,71,56,76,76,3947,3760,1066,1424,755,1121,2095,2157,161,1043,417,414,444,1215,264,216,501,383,657,642,669
(Kouleothrix),1447,1991,1282,2271,3314,1884,1395,1473,1322,2845,3690,3180,5062,4782,5826,494,484,0,0,1028,1024,1389,1417,0,0,0,0,409,366,3907,2322,3112,1674,234,1349,765,2098,409,388,511,1076,1091,767,221,511,69,647,312,277,578,170,0,4,259,465,720,172,451,203,559,389,573,310,328,9,342,343,469,517,346,680,540,161,488,175,325,326,24,177,281,187,293,194,6240,6153,1613,1272,704,1055,518,0,134,720,305,1495,2426,3361,1186,1064,709,656,1289,1335,1290
Deinococcales,2413,2530,1872,3230,4826,3128,1879,2021,1920,3069,4555,4249,4499,4090,4023,856,860,232,243,1149,1039,1657,1659,854,790,1106,1050,793,889,2563,2016,3294,2737,4301,3332,7370,3662,1409,443,786,870,850,1206,133,109,15,245,115,99,166,96,0,0,82,94,174,67,132,100,290,150,175,137,105,2,137,184,157,154,168,195,171,77,142,143,192,92,9,110,107,59,128,118,4278,4198,1266,1002,534,1151,3193,754,488,2849,1225,666,583,1429,302,328,301,226,565,598,587
Gloeobacterales,4083,3710,2273,3955,5947,3175,2840,3007,2384,6036,6655,5052,7312,6687,5707,1434,1324,436,352,2200,2133,3102,2958,1150,1122,1335,1334,776,858,639,679,1074,2333,0,1002,502,1085,0,369,764,632,999,1745,69,43,13,0,54,57,0,0,0,0,55,59,92,20,63,35,114,65,79,57,57,2,67,53,113,94,102,100,70,37,48,119,137,36,4,66,55,31,53,51,3699,3588,477,451,251,454,0,0,60,353,155,446,427,919,178,192,206,147,306,369,339
Methanosarcinales,2548,2988,1987,3560,5391,3242,2295,2091,2002,4157,5522,3259,5271,4407,4050,1040,916,324,311,1234,1168,1832,1846,0,0,0,0,844,0,821,1053,1562,1209,785,998,655,1088,0,499,0,693,784,1022,104,0,10,0,0,0,0,0,0,1,0,0,0,0,0,0,0,0,0,112,0,1,0,0,0,0,0,0,0,0,93,0,206,44,5,0,0,0,0,93,5806,5463,936,1007,476,854,654,0,144,897,385,707,942,2452,482,419,831,708,1041,1114,1067
Nitrosomonadales,0,0,0,0,0,0,1729,0,0,0,3962,2684,0,0,0,947,898,0,0,1230,1197,1869,1625,950,954,1206,1131,1754,1000,566,976,1583,1986,0,883,458,0,0,601,754,776,1175,838,615,340,64,2886,802,770,454,771,4,6,465,561,2003,405,809,511,986,586,960,1568,212,57,2152,1251,617,877,510,2720,553,275,581,300,574,556,28,546,862,210,809,467,31256,30683,822,792,387,910,859,0,141,756,345,840,1018,2465,591,546,509,472,1120,1152,1151
Chloroflexales,951,3278,2290,3865,6263,3733,918,2320,2986,1580,5041,5838,6793,6910,8383,0,0,0,0,809,639,1062,980,0,0,0,0,987,1109,4351,3420,4213,2975,0,2581,1080,3184,336,664,1132,1434,1499,1557,258,404,32,464,226,245,423,168,0,3,196,304,658,143,354,166,529,307,523,278,308,14,289,279,424,369,369,509,508,143,422,235,447,292,15,177,216,99,199,194,7111,7009,2413,2245,1177,1906,982,0,72,1079,439,2004,3081,5847,1528,1356,1066,923,3226,3460,3298
Fimbriimonadales,1706,1982,1313,2848,5004,2330,1572,1214,1246,2524,4002,2734,3604,3220,1911,760,839,287,287,587,517,972,907,1728,1627,2251,2149,927,1414,1027,911,1931,1563,0,1586,495,1254,2523,306,502,451,336,1302,83,78,26,158,137,125,197,67,0,0,87,142,147,35,137,57,145,91,165,56,79,5,101,147,298,276,176,173,151,88,141,157,150,95,15,99,76,63,143,77,3594,3446,645,545,311,368,334,302,63,534,175,411,419,1079,225,249,117,112,178,177,200
(Leptospiraceae),2263,1900,1367,2567,3260,1911,1735,1396,1241,3285,3527,2772,4321,2856,2885,1185,866,381,306,1010,1002,1426,1439,1261,1194,1507,1487,716,802,473,670,912,1299,0,937,557,847,603,477,759,548,724,899,82,36,10,142,57,43,76,31,1,0,35,33,132,36,65,40,149,71,122,80,44,1,70,88,221,109,116,137,85,40,86,110,113,72,6,49,61,35,83,92,3563,3509,637,660,281,542,353,342,75,438,182,419,342,1021,222,216,200,170,415,404,472
(Thermoanaerobaculum),1095,2012,1035,2317,1903,1591,1058,1101,1505,1534,3793,2980,3591,3618,3368,0,0,0,0,345,310,525,586,0,0,0,0,619,0,0,362,490,392,0,423,0,0,0,0,233,233,396,398,59,40,9,0,50,46,49,0,0,0,39,50,115,23,58,28,96,63,83,53,41,0,45,58,91,84,85,0,67,25,67,80,117,59,3,43,33,22,65,40,4367,4174,705,1330,563,1317,289,219,35,344,122,871,770,2456,417,393,751,648,2479,2459,2393
Thermales,2706,3508,2723,4251,6600,4445,2247,2614,2737,3541,5850,5840,5557,6362,6251,0,0,0,0,0,1430,2063,1998,0,0,0,0,862,922,1314,1355,1951,1474,847,1776,2510,1463,0,541,868,824,1203,1540,150,102,18,211,118,99,104,84,0,0,66,110,248,42,112,78,252,128,230,108,92,7,110,147,184,104,141,199,139,57,101,141,222,108,11,99,102,60,146,114,3982,3716,1215,1027,552,1080,1452,768,203,1228,562,884,776,2260,466,442,485,380,847,898,937
Caldilineales,0,766,527,0,1543,922,0,569,634,0,1501,1535,1507,1365,1551,0,0,0,0,0,0,546,523,0,0,0,0,0,0,723,987,1071,1083,0,964,821,1008,623,0,269,363,319,0,142,121,17,134,83,40,130,73,0,0,51,99,202,51,100,74,245,110,204,108,101,3,113,106,121,125,98,177,143,58,130,49,152,105,8,51,82,44,95,116,4518,4342,3077,2003,1110,2051,674,0,141,888,413,593,667,2119,512,403,528,429,1746,1699,1762
Nitriliruptorales,0,956,680,1167,2182,1017,545,596,592,0,0,1344,2163,1802,3023,0,0,0,0,0,0,0,0,0,0,0,0,0,0,771,654,979,628,1323,2288,3790,2292,233,0,0,302,229,0,97,59,0,121,69,49,56,55,0,0,38,42,84,28,44,48,131,65,113,91,62,4,50,65,58,45,54,112,85,0,50,0,97,49,1,51,68,23,69,65,2242,2229,5717,2686,1371,6448,2324,501,546,2940,1176,495,281,670,226,155,118,107,130,0,151
Bdellovibrionales,1376,0,0,2050,3244,1427,1281,0,975,2403,0,0,0,0,0,1881,1777,792,825,0,0,0,0,4387,4277,5009,4851,1189,1414,953,677,1687,1794,0,1068,0,1227,1843,495,664,544,502,0,102,87,18,0,75,0,92,42,0,0,34,67,121,39,48,0,108,66,105,44,64,9,103,87,230,156,171,135,115,68,107,87,135,50,5,63,85,34,122,94,8074,8003,1008,673,386,550,0,0,82,680,254,0,220,753,0,162,0,0,245,263,284
(Chloracidobacterium),947,1382,962,1794,2404,1374,910,1076,938,1978,2936,2139,4163,2950,3402,417,456,150,116,659,539,1031,1116,400,0,500,519,488,760,580,1313,1732,5802,0,1142,673,1362,302,340,651,667,964,1062,106,61,9,122,64,63,66,53,0,1,60,57,212,29,96,51,196,103,192,96,61,1,86,96,127,112,155,170,130,52,99,135,185,89,13,90,84,75,122,110,3708,3566,727,609,274,672,347,279,89,569,202,394,359,977,229,289,244,236,343,309,293
Enterobacterales,0,0,0,0,0,0,0,0,0,0,0,0,0,0,0,0,5893,0,0,0,0,0,10533,0,6844,0,8225,0,0,0,0,0,0,0,0,0,0,0,0,0,0,0,38207,0,0,0,0,0,0,0,0,0,0,0,138,0,0,0,0,0,0,0,0,0,6,0,0,0,0,0,0,0,0,0,0,0,0,12,0,0,0,0,0,0,0,0,0,0,0,0,0,429,0,0,6315,1354,0,8440,7409,0,0,0,0,0
Catenulisporales,12312,5084,2940,7368,7229,0,5173,3225,0,16363,0,0,12393,0,0,0,0,492,452,0,0,0,0,0,0,0,0,1104,0,0,0,0,0,0,0,0,0,0,0,1304,0,0,3879,0,101,71,814,382,580,201,842,2,0,344,261,0,73,96,476,294,123,0,118,0,10,198,236,291,217,369,383,0,96,179,456,269,0,3,342,322,52,202,88,5674,5387,0,0,0,0,1929,2240,0,0,0,2356,685,2992,673,742,4210,3557,573,577,614
Acidithiobacillales,0,0,0,0,0,0,0,0,0,0,0,0,0,0,0,0,0,0,0,0,0,0,0,0,0,0,0,508,0,0,0,0,634,0,0,0,0,0,0,0,0,0,0,0,0,0,0,0,0,0,0,1,0,0,0,0,0,0,0,0,0,0,0,0,0,0,0,0,0,0,0,0,0,0,0,0,0,2,0,0,0,0,0,0,0,0,0,0,0,1459,32615,212,1342,630,239,202,676,119,150,324,295,280,480,471
Chthonomonadales,1675,1683,1000,2554,3942,2173,1461,985,941,2609,3643,2547,3794,3549,2266,472,605,143,148,547,524,771,736,776,769,1065,1011,556,853,907,678,1408,680,0,515,0,643,0,206,332,353,271,1075,57,69,25,136,67,107,133,60,0,0,52,115,79,33,82,43,107,48,102,52,60,3,42,59,217,152,154,112,87,49,86,103,107,31,7,65,59,40,85,0,1695,1599,293,0,0,0,0,371,37,0,0,506,546,1419,184,282,121,99,182,159,159
Lactobacillales,0,3531,2851,0,7388,4701,0,0,3117,0,6122,6153,0,5952,5656,0,0,0,0,0,0,0,0,0,0,0,0,1149,1142,1339,1214,1819,2532,1199,2272,1533,1107,0,561,0,895,966,909,118,0,0,0,91,91,105,92,0,0,0,96,0,0,0,0,0,112,0,0,0,1,0,0,0,0,156,0,0,0,0,168,0,0,7,0,0,0,123,105,0,0,0,0,0,0,0,0,0,0,0,0,0,0,0,0,0,0,382,359,410
Holophagales,1447,1634,1078,1665,0,1473,1209,1284,995,2509,3412,2107,3085,2469,2653,572,556,207,202,838,833,1371,1329,0,0,0,0,2678,434,0,0,0,648,0,0,0,0,0,218,378,386,513,907,98,42,9,0,73,0,51,0,0,0,0,65,138,30,76,38,134,74,95,51,36,8,66,77,111,82,495,108,88,38,71,125,153,47,3,88,70,29,88,65,5367,5219,0,455,232,0,0,0,0,0,0,479,470,1308,282,230,303,252,566,691,506
Methanobacteriales,0,0,0,0,0,0,0,0,0,0,0,0,0,0,0,0,0,0,0,0,0,0,0,0,0,0,0,0,0,0,0,0,0,0,0,0,0,0,0,0,0,0,0,0,0,0,0,0,0,0,0,0,0,0,0,0,0,0,0,0,0,0,0,0,0,0,0,0,0,0,0,0,0,0,0,0,0,0,0,0,0,0,0,0,0,0,0,0,0,0,0,0,0,82,0,0,0,0,0,187,170,224,221,233
Acidothermales,2276,0,0,3249,4012,0,2052,0,0,5322,0,0,5500,3935,4098,0,0,0,0,0,0,0,0,0,0,0,0,983,1064,0,0,0,0,1881,757,1292,2953,0,0,0,0,0,0,0,51,0,260,131,105,91,74,0,2,97,54,0,0,0,82,0,0,0,0,0,7,105,0,0,0,0,160,0,0,0,0,124,0,3,81,87,0,75,0,0,0,0,0,0,0,1134,2344,73,0,0,1323,598,2252,374,518,2293,1937,0,0,0
Candidatus Brocadiales,2389,0,1373,0,3527,2325,0,1631,0,3011,4263,3225,4087,2821,2769,1508,1291,338,329,1344,1341,2414,2261,0,0,0,0,1180,683,0,0,0,1635,0,1003,0,0,0,448,0,653,1018,996,121,0,11,0,0,0,0,48,0,0,0,0,0,0,77,45,199,90,150,93,0,2,0,0,0,0,97,0,0,0,86,136,190,0,14,0,63,52,79,89,5368,5190,968,1102,605,1006,0,0,127,0,302,602,623,2649,439,413,620,516,1465,1643,1659
Spirochaetales,0,0,0,0,0,0,0,0,0,0,0,0,0,0,0,0,0,0,0,0,0,0,0,0,0,0,0,0,0,0,0,0,0,0,0,0,0,0,0,0,0,353,0,0,0,0,0,0,0,0,0,0,0,0,0,113,0,0,40,0,0,0,48,0,0,66,0,0,0,0,0,0,27,0,0,0,0,2,57,0,25,59,55,0,0,440,593,377,621,10672,11849,1084,6886,3004,478,501,1411,296,285,1016,995,2548,2710,2682
Oceanospirillales,0,0,0,0,0,0,0,0,0,0,0,0,0,0,0,0,0,0,0,0,0,0,0,0,0,0,0,1199,1148,1178,1817,2321,2293,1095,1717,2039,1395,1200,688,1260,641,985,1637,204,103,34,192,145,0,181,80,0,0,0,142,261,50,96,76,227,119,199,117,124,2,135,178,228,135,161,226,144,76,138,199,279,159,12,94,111,50,134,134,0,0,1676,6906,3717,4085,4821,1937,193,1306,400,0,424,0,265,0,0,0,480,548,453
Herpetosiphonales,796,882,601,1279,1637,897,719,569,0,1454,1487,1313,2020,1669,1729,0,0,0,0,0,0,0,0,0,0,0,0,0,0,1418,841,1241,868,0,713,367,1105,2223,0,0,0,289,0,63,52,0,90,34,34,104,32,1,0,35,61,92,0,67,40,93,87,102,65,68,2,77,56,119,91,70,119,89,28,80,0,0,61,9,42,58,28,72,65,2022,2029,791,749,386,553,259,0,44,341,126,365,506,1175,293,239,215,191,766,781,717
(Candidatus Methylomirabilis),0,961,552,896,1385,716,0,633,609,1144,2090,1595,1738,1393,1760,0,0,0,0,611,617,835,898,0,0,0,0,369,381,227,278,0,1073,0,547,391,0,0,218,393,261,802,557,83,32,0,0,59,32,0,35,0,0,28,39,84,17,59,30,112,70,102,37,44,0,52,59,52,0,45,75,59,24,47,79,137,38,1,45,52,33,44,52,2418,2321,379,506,247,394,0,0,38,242,96,456,456,1292,341,245,303,337,633,709,649
Desulfobacterales,0,0,0,0,0,0,0,4091,0,0,0,0,0,0,0,0,0,0,0,3168,2946,0,0,0,0,0,0,2919,0,0,0,0,2754,0,0,0,0,0,0,0,0,2544,2397,100,0,12,0,0,0,0,0,1,0,0,0,0,70,0,0,0,0,0,0,0,3,0,0,0,69,0,0,0,0,0,0,150,0,11,0,0,134,0,0,0,0,2392,3586,1832,3314,0,0,0,2453,0,1711,2201,7945,1327,278,2608,2562,9160,9557,9317
Saprospirales,0,0,0,0,0,0,0,0,0,0,0,0,0,0,0,0,0,0,0,0,0,0,0,0,1406,1962,1977,0,1043,551,953,1349,3829,0,2026,1069,1804,2610,0,0,996,533,0,0,104,15,0,0,0,0,0,0,0,0,0,240,0,84,0,0,0,0,0,66,7,146,157,177,148,140,0,127,0,117,0,183,121,9,0,0,44,121,109,8869,8693,1219,1049,616,0,0,0,99,0,0,0,0,0,0,0,0,0,0,0,0
Methanomicrobiales,0,0,0,0,0,0,0,0,0,0,0,0,0,0,0,0,0,0,0,0,0,0,0,0,0,0,0,0,0,0,0,0,0,0,0,0,0,0,0,0,0,0,0,0,0,0,0,0,0,0,0,0,0,0,0,0,0,0,0,0,0,0,0,0,1,0,0,0,0,0,0,0,0,0,0,0,0,0,0,0,0,0,0,0,0,0,0,0,0,0,0,0,0,0,0,512,0,0,0,244,197,0,0,0
(Thermobaculum),0,831,600,1229,1883,1188,538,635,670,0,1430,1875,1484,1645,1688,0,0,0,0,0,0,0,0,0,0,0,0,207,0,1169,903,1457,626,328,1373,531,751,0,0,0,268,234,0,66,54,0,98,53,28,45,37,0,0,27,43,70,15,42,20,104,32,89,59,32,1,70,44,51,40,54,72,43,29,41,45,70,37,1,25,39,19,51,61,1366,1270,553,390,240,397,241,0,49,262,134,377,296,768,184,187,132,128,192,206,230
Kineosporiales,0,0,0,0,0,0,0,0,0,0,0,0,6417,0,0,0,0,0,0,0,0,0,0,0,0,0,0,0,0,1329,1061,1865,0,3936,1932,1840,4580,0,0,0,795,0,0,168,241,85,948,304,303,450,322,0,4,232,255,210,110,204,258,321,264,423,182,187,25,369,295,316,340,197,1059,232,210,434,210,255,91,13,201,216,76,220,134,5898,5665,1473,1134,527,1941,1270,0,219,1191,439,1187,0,0,327,0,679,566,0,0,0
(Candidatus Xiphinematobacter),2722,1234,845,0,0,0,1460,1248,0,0,0,1247,2699,2853,2259,861,816,194,187,1217,1322,1940,1891,0,0,0,0,0,326,0,0,0,0,0,698,0,783,0,498,584,917,868,0,0,0,0,0,0,0,0,0,0,0,0,0,0,0,0,0,0,0,0,0,79,0,0,0,0,0,0,0,0,0,0,106,73,0,3,0,0,21,0,0,3154,3281,0,0,0,0,0,0,0,0,0,0,0,0,0,0,0,0,0,0,0
Hydrogenophilales,0,0,0,0,0,0,0,0,0,0,0,0,0,0,0,0,0,0,0,0,0,0,0,0,0,0,0,793,0,0,0,0,764,0,0,0,0,0,242,0,0,0,0,74,48,10,0,76,0,0,0,0,0,0,63,95,27,0,50,127,57,101,69,41,0,89,82,88,95,101,140,0,48,0,0,251,49,0,47,63,0,93,69,0,0,0,0,175,0,525,814,48,341,128,1170,1469,2449,630,325,928,782,962,965,1021
Ardenticatenales,0,0,0,0,0,0,0,0,0,0,0,1138,0,1137,1144,0,0,0,0,0,0,0,0,0,0,0,0,0,0,629,399,784,464,0,350,286,0,0,0,0,0,244,0,0,32,0,0,0,0,0,0,0,0,24,34,88,18,41,0,78,36,82,46,0,0,49,53,53,45,45,0,0,0,47,0,61,29,1,0,0,18,35,41,0,0,898,909,459,761,280,0,52,270,130,353,407,1358,217,253,305,255,1146,1242,1266
Aeromonadales,0,1546,0,0,2584,1905,0,1277,1032,0,2766,2162,0,0,0,0,686,265,300,826,763,0,0,719,703,906,930,585,535,0,441,0,658,0,533,401,0,0,401,566,355,594,718,95,0,0,0,68,0,52,0,0,0,0,0,175,31,60,0,99,0,100,0,80,5,72,0,214,0,118,142,78,38,73,96,114,70,10,0,0,60,74,120,0,0,0,471,241,0,935,859,0,0,0,0,0,0,0,0,0,0,0,0,0
Sulfuricellales,0,0,0,0,0,0,0,0,0,0,0,0,0,0,0,0,0,0,0,0,0,0,0,0,0,0,0,913,0,0,0,0,0,0,0,0,0,0,223,0,0,324,0,0,0,10,0,0,0,0,0,0,0,0,36,97,27,55,31,0,0,0,0,0,2,58,0,0,0,69,0,0,26,0,64,124,0,2,0,0,0,59,44,0,0,0,0,0,0,0,411,43,0,120,502,806,2076,369,358,722,555,1637,1963,1730
(Geminicoccus),0,0,0,0,0,0,0,0,0,0,0,0,0,0,0,0,0,0,0,0,0,0,0,0,0,0,0,0,0,890,872,1622,0,0,0,0,0,0,0,0,0,0,0,131,102,0,159,86,87,84,58,0,0,36,47,105,35,73,56,153,116,133,95,79,7,87,106,129,104,78,142,126,32,103,0,0,74,6,69,0,39,103,130,2889,2781,2277,1395,686,2549,1805,0,147,973,394,398,320,0,204,0,0,0,0,0,0
Bacteroidetes Order II. Incertae sedis,0,0,0,0,0,0,0,0,0,0,0,0,0,0,0,0,0,0,0,0,0,0,0,0,0,0,0,0,0,0,573,0,925,0,0,2143,0,0,0,0,0,494,0,83,0,0,0,0,0,0,0,0,0,0,0,0,0,128,0,136,66,0,0,0,2,83,0,96,0,0,268,0,0,0,0,0,69,10,0,60,37,67,0,0,0,2906,3623,1832,1936,897,0,123,863,392,522,371,1301,311,338,479,398,780,725,608
Ignavibacteriales,0,0,0,0,0,0,0,0,0,0,0,0,0,0,0,0,0,0,0,0,0,0,0,0,0,0,0,1075,0,0,0,0,809,0,0,0,0,0,0,0,0,0,0,0,0,0,0,0,0,0,0,0,0,0,0,0,0,0,0,0,0,0,0,0,2,0,0,0,0,0,0,0,0,0,0,0,0,1,0,0,0,0,0,0,0,0,0,0,0,0,779,326,1837,843,279,300,1104,267,197,955,816,1857,2244,2090
(Dehalogenimonas),0,0,0,0,0,979,0,0,0,0,0,0,0,0,0,0,0,0,0,0,0,0,0,0,0,0,0,0,0,0,0,0,0,0,0,0,0,0,0,0,0,0,0,0,0,0,0,0,0,0,0,0,0,0,0,0,0,0,0,0,0,0,0,0,0,0,0,0,0,0,0,0,0,0,0,0,0,0,0,0,0,0,0,0,0,0,0,0,0,0,0,175,1095,447,0,160,460,0,0,165,147,526,575,544
Thermoanaerobacterales,0,0,0,0,0,0,0,0,0,0,0,0,0,0,0,0,0,0,0,0,0,0,0,0,0,0,0,0,0,0,0,0,0,0,0,0,0,0,0,0,0,0,0,0,0,0,0,0,0,0,0,0,0,0,0,0,57,0,0,0,0,0,0,0,1,0,0,0,0,0,0,0,0,0,0,0,0,6,0,0,0,0,0,0,0,0,0,0,0,0,0,0,0,0,0,670,2060,0,366,589,474,1065,1029,975
Thermoplasmatales,0,0,0,0,0,0,0,0,0,0,0,0,0,0,0,0,0,0,0,0,0,0,0,0,0,0,0,0,0,0,0,0,0,0,0,0,0,0,0,0,0,0,0,0,0,0,0,0,0,0,0,0,0,0,0,0,0,0,0,0,0,0,0,0,0,0,0,0,0,0,0,0,0,0,0,0,0,0,0,0,0,0,0,0,0,0,0,0,0,1689,8330,1430,7978,3758,0,0,0,0,0,0,0,0,0,0
Phycisphaerales,0,0,0,0,0,0,0,0,0,0,0,0,0,0,0,0,0,0,0,0,0,0,0,0,363,469,478,0,0,219,387,835,0,0,574,230,513,0,0,0,245,186,0,59,31,10,0,34,33,47,0,0,0,26,33,81,20,50,29,68,38,71,50,54,4,49,65,79,54,73,67,71,37,34,0,59,33,4,43,34,21,55,42,2075,1951,864,1591,806,692,1031,293,134,632,263,276,178,545,118,133,0,0,0,0,0
(Thermorudis),0,0,675,0,1943,1231,0,0,842,0,1755,1935,0,1455,1500,0,0,0,0,0,0,0,0,0,0,0,0,0,0,649,477,681,0,355,653,346,0,0,0,0,0,317,0,51,44,0,0,0,0,0,0,0,0,0,0,0,0,46,34,90,0,0,44,35,1,0,0,0,58,0,0,0,0,0,0,0,0,0,0,45,0,59,47,0,0,501,0,179,371,0,0,0,0,0,322,257,574,141,135,0,0,196,230,0
Dehalococcoidales,0,0,0,0,0,0,0,0,0,0,0,0,0,0,0,0,0,0,0,0,0,0,0,0,0,0,0,0,0,0,0,0,0,0,0,0,0,0,0,0,0,0,0,0,0,0,0,0,0,0,0,0,0,0,0,0,0,0,0,0,0,0,0,0,0,0,0,0,0,0,0,0,0,0,0,0,0,0,0,0,0,0,0,0,0,0,0,0,0,0,0,197,1361,602,0,0,0,0,0,136,145,438,404,431
Mariprofundales,0,0,0,0,0,0,0,0,0,0,0,0,0,0,0,0,0,0,0,0,0,0,0,0,0,0,0,0,0,0,0,0,0,0,0,0,0,0,0,0,0,0,0,0,0,0,0,0,0,0,0,0,0,0,0,0,0,0,0,0,0,0,0,0,0,0,0,0,0,0,0,0,0,0,0,0,0,0,0,0,0,0,0,0,0,0,0,0,0,0,8153,97,613,250,0,0,0,0,0,794,869,327,369,375
Cellvibrionales,0,0,0,0,0,0,0,0,0,0,0,0,0,0,0,0,0,0,0,0,0,0,0,0,0,0,0,0,0,0,0,0,2105,0,0,0,0,0,0,0,0,0,0,0,115,43,0,0,0,0,0,0,0,0,0,491,0,151,0,0,0,0,0,0,1,0,234,281,0,272,0,0,99,0,0,0,151,19,0,0,93,0,0,8977,8822,711,4099,1964,757,0,0,0,0,0,0,0,0,0,0,0,0,0,0,0
(Competibacteraceae),0,0,0,0,0,0,0,0,0,0,0,0,0,0,0,0,0,0,0,0,0,0,0,0,0,0,0,937,0,0,0,0,2216,0,1472,0,1071,1109,0,0,0,727,0,0,0,0,0,0,0,0,0,0,0,0,0,0,53,0,0,0,131,0,88,0,6,0,0,0,0,113,0,0,0,0,0,0,0,6,0,0,47,0,109,0,0,0,3220,1656,0,0,0,167,0,0,0,577,0,312,350,0,0,737,660,704
Glycomycetales,0,0,0,0,0,0,0,0,0,0,0,0,0,0,0,0,0,0,0,0,0,0,0,0,0,0,0,0,0,0,0,0,0,0,0,1000,1480,0,0,0,0,0,0,0,94,0,378,124,82,0,101,2,0,54,0,0,52,0,88,0,118,0,118,0,0,111,0,0,0,0,0,0,0,0,0,0,0,3,0,0,0,0,98,0,0,3083,1476,808,2917,2488,0,0,0,342,856,0,0,0,0,559,560,0,0,0
Methylophilales,0,0,0,0,0,0,0,0,0,0,0,0,0,0,0,0,0,0,0,0,0,0,0,0,0,0,0,1098,0,0,0,0,0,0,0,0,0,0,0,0,0,0,0,109,0,0,0,0,0,158,0,2,0,0,0,0,0,90,0,0,0,0,0,89,3,201,253,395,273,215,449,0,88,0,125,0,170,8,0,0,72,135,0,5069,4947,0,0,0,0,0,0,0,0,0,0,0,0,0,0,0,0,0,0,688
Methanomassiliicoccales,0,0,0,0,0,0,0,0,0,0,0,0,0,0,0,0,0,0,0,0,0,0,0,0,0,0,0,0,0,0,0,0,0,0,0,0,0,0,0,0,0,0,0,0,0,0,0,0,0,0,0,0,0,0,0,0,0,0,0,0,0,0,0,0,0,0,0,0,0,0,0,0,0,0,0,0,0,0,0,0,0,0,0,0,0,0,0,0,0,0,0,0,0,0,648,1441,1744,326,357,872,795,382,450,462
Caldisericales,0,0,0,0,0,0,0,0,0,0,0,0,0,0,0,0,0,0,0,0,0,0,0,0,0,0,0,0,0,0,0,0,0,0,0,0,0,0,0,0,0,0,0,0,0,0,0,0,0,0,0,0,0,0,0,0,0,0,0,0,0,0,0,0,0,0,0,0,0,0,0,0,0,0,0,0,0,0,0,0,0,0,0,0,0,0,0,0,0,0,0,0,0,0,0,0,0,0,0,0,0,0,0,0
Salinisphaerales,0,0,0,0,0,0,0,0,0,0,0,0,0,0,0,0,0,0,0,0,0,0,0,0,0,0,0,0,0,0,0,0,0,0,0,0,0,0,0,0,0,0,0,0,0,0,0,0,0,0,0,0,0,0,0,0,0,0,0,0,0,0,0,0,0,0,0,0,0,0,0,0,0,0,0,0,0,0,0,0,0,0,0,0,0,0,0,0,0,2162,3761,119,1075,424,0,0,0,0,0,188,0,0,0,0
Chlorobiales,0,0,0,0,0,0,0,0,0,0,0,0,0,0,0,0,0,0,0,0,0,0,0,0,0,0,0,466,0,0,0,0,922,0,549,444,0,0,0,0,0,370,572,0,0,0,0,0,0,0,0,0,0,0,0,0,0,0,0,0,0,108,64,0,0,0,0,0,0,0,0,0,0,0,0,126,0,0,48,0,23,0,0,0,0,0,476,262,0,0,0,0,0,0,0,321,852,190,0,0,0,576,593,559
Chroococcales,0,0,0,0,0,0,0,0,0,0,0,0,0,0,0,0,0,0,0,0,0,0,0,0,0,0,0,0,0,653,600,0,3672,0,1998,1162,2474,1546,0,0,0,0,0,0,0,0,0,0,0,0,0,0,0,0,0,0,0,0,0,0,0,0,0,0,0,0,0,0,0,0,0,0,0,0,0,0,0,6,0,0,0,0,0,0,0,0,755,453,0,0,0,0,0,0,0,0,0,0,0,0,0,0,448,477
Thiotrichales,0,0,0,0,0,0,0,0,0,0,0,0,0,0,0,0,0,0,0,0,0,0,0,0,0,0,0,0,0,0,0,0,2074,0,0,0,0,0,0,0,0,0,0,0,0,0,0,0,0,0,0,0,0,0,0,0,0,0,0,0,0,0,0,0,1,0,0,0,0,0,0,0,0,0,0,0,0,5,0,0,89,0,0,0,0,1682,1778,935,0,0,0,0,0,0,0,0,0,0,0,0,0,1226,1420,1325
Thermomicrobiales,0,0,0,0,0,925,0,0,0,0,0,0,0,0,0,0,0,0,0,0,0,0,0,0,0,0,0,0,0,533,479,702,0,315,653,424,0,0,0,0,0,0,0,58,42,0,0,0,0,0,0,0,0,34,0,97,0,43,46,0,46,80,0,35,0,0,0,0,0,0,0,0,0,0,0,0,42,0,0,0,0,0,0,0,0,558,389,179,455,0,0,0,0,152,276,204,525,146,117,0,0,213,0,228
(Deferrisoma),0,0,0,0,0,0,0,0,0,0,0,0,0,0,0,0,0,0,0,0,0,0,0,0,0,0,0,0,0,0,0,0,0,0,0,0,0,0,0,0,0,0,0,0,0,0,0,0,0,0,0,0,0,0,0,0,0,0,0,0,0,0,0,0,0,0,0,0,0,0,0,0,0,0,0,72,0,0,0,0,0,0,0,0,0,0,402,226,298,0,0,0,0,101,250,268,682,123,120,251,199,558,528,565
Nitrospinales,0,0,0,0,0,0,0,0,0,0,0,0,0,0,0,0,0,0,0,0,0,0,0,0,0,0,0,0,0,0,0,0,0,0,0,0,0,0,0,0,0,196,0,35,0,0,0,0,0,0,0,0,0,0,0,0,0,0,0,0,0,0,0,0,1,0,0,0,0,0,0,0,0,0,0,48,0,0,0,0,0,0,0,0,0,455,1113,599,1174,0,0,0,0,0,0,143,435,105,83,95,74,198,248,207
Limnochordales,0,0,0,0,0,0,0,0,0,0,0,0,0,0,0,0,0,0,0,0,0,0,0,0,0,0,0,0,0,250,0,0,0,0,0,248,0,0,0,0,0,0,0,0,0,10,0,0,0,0,0,0,0,0,0,0,0,0,0,64,0,0,0,0,1,0,0,0,0,0,0,0,0,0,0,0,0,0,0,0,18,0,0,0,0,0,272,141,258,283,379,55,415,142,245,299,533,157,126,216,188,247,254,295
(Caldithrix),0,0,0,0,0,0,0,0,0,0,0,0,0,0,0,0,0,0,0,0,0,0,0,0,0,0,0,0,0,0,0,0,0,0,0,0,0,0,0,0,0,0,0,0,0,0,0,0,0,0,0,0,0,0,0,0,0,0,0,0,0,0,0,0,1,0,0,0,0,0,0,0,0,0,0,0,0,0,0,0,0,0,0,0,0,0,516,308,611,0,0,24,191,94,0,0,285,0,0,118,84,227,229,252
Methylacidiphilales,1366,0,841,0,0,0,0,980,0,0,0,0,0,0,0,552,524,0,172,739,700,982,933,0,0,0,0,0,0,0,0,0,0,0,0,0,0,0,0,0,259,253,0,0,0,0,0,0,0,0,0,0,0,0,0,0,0,0,0,0,0,0,0,0,1,0,0,0,0,0,0,0,0,0,0,0,0,0,0,0,0,0,0,0,0,0,0,0,0,0,0,0,0,0,0,0,0,0,0,0,0,0,0,0
Methanocellales,0,0,0,0,0,0,0,0,0,0,0,0,0,0,0,0,0,0,0,0,0,0,0,0,0,0,0,0,0,0,0,0,0,0,0,291,0,0,0,0,0,0,0,0,0,0,0,0,0,0,0,0,0,0,0,0,0,0,0,0,0,0,0,0,0,0,0,0,0,0,0,0,0,0,0,0,0,0,0,0,0,0,0,0,0,0,0,0,0,0,0,0,0,0,0,177,0,0,0,123,112,140,0,138
Kiloniellales,0,0,0,0,0,0,0,0,0,0,0,0,0,0,0,0,0,0,0,0,0,0,0,0,0,0,0,0,0,0,0,0,0,0,0,0,0,0,0,0,0,0,0,0,0,0,0,0,0,0,0,0,0,0,0,0,0,0,0,0,0,0,0,0,0,0,0,0,0,0,0,0,0,0,0,0,36,2,0,0,0,0,0,0,0,811,1681,1011,638,0,0,0,0,0,0,0,0,0,0,0,0,0,0,0
Actinomycetales,0,0,0,0,0,0,0,0,0,0,0,0,0,0,0,0,0,0,0,0,0,0,0,0,0,0,0,0,0,626,0,0,0,1298,1558,1441,2246,0,0,0,0,0,0,93,0,0,0,87,0,0,0,0,0,0,0,0,0,0,88,0,0,0,0,0,2,0,0,0,0,0,0,0,0,0,0,0,0,9,98,0,27,0,0,0,0,0,0,0,0,0,0,0,0,0,0,0,0,0,0,0,270,0,0,0
(Sedimenticola),0,0,0,0,0,0,0,0,0,0,0,0,0,0,0,0,0,0,0,0,0,0,0,0,0,0,0,0,0,0,0,0,0,0,0,0,0,0,0,0,0,0,0,0,0,0,0,0,0,0,0,0,0,0,0,0,0,0,0,0,0,0,0,0,2,0,0,0,0,0,0,0,0,0,0,0,0,2,0,0,0,0,0,0,0,0,963,458,0,0,0,0,0,216,0,0,0,0,0,428,222,0,286,281
(Lokiarchaeum),0,0,0,0,0,0,0,0,0,0,0,0,0,0,0,0,0,0,0,0,0,0,0,0,0,0,0,0,0,0,0,0,0,0,0,0,0,0,0,0,0,0,0,0,0,0,0,0,0,0,0,0,0,0,0,0,0,0,0,0,0,0,0,0,0,0,0,0,0,0,0,0,0,0,0,0,0,0,0,0,0,0,0,0,0,0,0,0,0,0,0,0,0,0,0,0,0,0,0,0,0,0,0,74
Sulfolobales,0,0,0,0,0,0,0,0,0,0,0,0,0,0,0,0,0,0,0,0,0,0,0,0,0,0,0,0,0,0,0,0,0,0,0,0,0,0,0,0,0,0,0,0,0,0,0,0,0,0,0,0,0,0,0,0,0,0,0,0,0,0,0,0,0,0,0,0,0,0,0,0,0,0,0,0,0,0,0,0,0,0,0,0,0,0,0,0,0,0,1137,198,1000,451,0,0,0,0,0,0,0,0,0,0
(Candidatus Kryptobacter),0,0,0,0,0,0,0,0,0,0,0,0,0,0,0,0,0,0,0,0,0,0,0,0,0,0,0,0,0,0,0,0,0,0,0,0,0,0,0,0,0,0,0,0,0,0,127,0,0,392,0,0,0,0,0,0,0,0,62,0,71,0,0,305,7,948,60,0,0,94,0,790,78,371,0,464,68,0,0,0,0,414,115,0,0,0,0,0,0,0,0,0,0,0,0,0,0,0,0,0,0,0,0,0
Thermococcales,0,0,0,0,0,0,0,0,0,0,0,0,0,0,0,0,0,0,0,0,0,0,0,0,0,0,0,0,0,0,0,0,0,0,0,0,0,0,0,0,0,0,0,0,0,0,0,0,0,0,0,0,0,0,0,0,0,0,0,0,0,0,0,0,0,0,0,0,0,0,0,0,0,0,0,0,0,0,0,0,0,0,0,0,0,0,0,0,0,0,0,0,0,0,0,0,0,0,0,0,0,0,0,0
Archaeoglobales,0,0,0,0,0,0,0,0,0,0,0,0,0,0,0,0,0,0,0,0,0,0,0,0,0,0,0,0,0,0,0,0,0,0,0,0,0,0,0,0,0,0,0,0,0,0,0,0,0,0,0,0,0,0,0,0,0,0,0,0,0,0,0,0,1,0,0,0,0,0,0,0,0,0,0,0,0,0,0,0,0,0,0,0,0,0,0,0,0,0,259,41,0,107,0,0,0,0,0,0,0,0,0,0
(Pseudohongiella),0,0,0,0,0,0,0,0,0,0,0,0,0,0,0,0,0,0,0,0,0,0,0,0,0,0,0,0,0,0,0,0,0,0,0,0,0,0,0,0,0,0,584,0,0,13,0,0,0,0,0,0,0,0,0,96,0,0,0,0,0,0,0,0,2,0,0,0,0,0,0,0,0,0,0,0,47,0,0,0,0,0,0,0,0,643,638,327,578,0,0,0,0,0,0,0,0,0,0,0,0,0,0,0
Desulfarculales,0,0,0,0,0,0,0,0,0,0,0,0,0,0,0,0,0,0,0,0,0,0,0,0,0,0,0,0,0,0,0,0,0,0,0,0,0,0,0,0,0,0,0,0,0,0,0,0,0,0,0,0,0,0,0,0,0,0,0,0,0,0,0,0,3,0,0,0,0,0,0,0,0,0,0,0,0,0,0,0,0,0,0,0,0,0,0,0,0,0,0,0,0,0,0,0,0,0,0,0,0,497,579,548
Neisseriales,0,0,0,0,0,0,0,0,0,0,0,0,0,0,0,0,0,0,0,0,0,0,0,0,0,0,0,0,0,0,0,0,0,0,0,0,0,0,0,0,0,0,0,0,0,15,0,0,0,0,0,2,0,0,0,0,0,0,0,0,0,0,0,0,0,0,0,0,0,0,0,0,0,0,0,0,0,0,0,0,0,0,0,0,0,0,0,0,0,0,0,0,0,0,0,899,0,0,0,0,0,1113,1121,0
Bifidobacteriales,0,0,0,0,0,0,0,0,0,0,0,0,0,0,0,0,0,0,0,0,0,0,0,0,0,0,0,0,0,0,0,0,0,755,1192,1027,1383,0,0,0,0,0,0,0,0,0,0,0,0,0,0,0,0,0,0,0,0,0,47,0,0,0,0,0,0,0,0,0,0,0,0,0,0,0,0,0,0,3,0,0,0,0,0,0,0,0,0,0,0,0,0,0,0,0,0,0,0,0,0,0,0,0,0,0
(Aciduliprofundum),0,0,0,0,0,0,0,0,0,0,0,0,0,0,0,0,0,0,0,0,0,0,0,0,0,0,0,0,0,0,0,0,0,0,0,0,0,0,0,0,0,0,0,0,0,0,0,0,0,0,0,0,0,0,0,0,0,0,0,0,0,0,0,0,0,0,0,0,0,0,0,0,0,0,0,0,0,0,0,0,0,0,0,0,0,0,0,0,0,0,310,30,0,114,0,382,448,154,0,182,241,97,0,0
(Candidatus Kryptonium),0,0,0,0,0,0,0,0,0,0,0,0,0,0,0,0,0,0,0,0,0,0,0,0,0,0,0,0,0,0,0,0,0,0,0,0,0,0,0,0,0,0,0,0,0,0,0,0,0,0,0,0,0,0,0,0,0,0,0,0,0,0,0,0,2,0,0,0,0,0,0,0,0,0,0,0,0,0,0,0,0,0,0,0,0,0,0,0,0,0,0,282,0,0,0,0,0,0,0,0,0,0,0,0
Candidatus Actinomarinales,0,0,0,0,0,0,0,0,0,0,0,0,0,0,0,0,0,0,0,0,0,0,0,0,0,0,0,0,0,0,0,0,0,0,0,0,0,0,0,0,0,0,0,0,0,0,0,0,0,0,0,0,0,0,0,0,0,0,0,0,0,0,0,0,0,0,0,0,0,0,0,0,0,0,0,0,0,0,0,0,0,0,0,0,0,748,446,243,597,0,0,0,0,0,0,0,0,0,0,0,0,0,0,0
(Candidatus Cloacimonas),0,0,0,0,0,0,0,0,0,0,0,0,0,0,0,0,0,0,0,0,0,0,0,0,0,0,0,0,0,0,0,0,0,0,0,0,0,0,0,0,0,0,0,0,0,0,0,0,0,0,0,0,0,0,0,0,0,0,0,0,0,0,0,0,0,0,0,0,0,0,0,0,0,0,0,0,0,0,0,0,0,0,0,0,0,0,0,0,0,0,0,0,0,0,0,0,0,0,0,0,0,0,0,0
(Candidatus Caldiarchaeum),0,0,0,0,0,0,0,0,0,0,0,0,0,0,0,0,0,0,0,0,0,0,0,0,0,0,0,0,0,0,0,0,0,0,0,0,0,0,0,0,0,0,0,0,0,0,0,0,0,0,0,0,0,0,0,0,0,0,0,0,0,0,0,0,0,0,0,0,0,0,0,0,0,0,0,0,0,0,0,0,0,0,0,0,0,0,0,0,0,0,0,0,0,0,0,306,0,0,0,262,264,0,0,0
(Candidatus Desulfofervidaceae),0,0,0,0,0,0,0,0,0,0,0,0,0,0,0,0,0,0,0,0,0,0,0,0,0,0,0,0,0,0,0,0,0,0,0,0,0,0,0,0,0,0,0,0,0,0,0,0,0,0,0,0,0,0,0,0,0,0,0,0,0,0,0,0,0,0,0,0,0,0,0,0,0,0,0,0,0,0,0,0,0,0,0,0,0,0,0,0,0,0,0,0,0,0,0,0,0,0,0,0,0,0,0,0
(Candidatus Parvarchaeum),0,0,0,0,0,0,0,0,0,0,0,0,0,0,0,0,0,0,0,0,0,0,0,0,0,0,0,0,0,0,0,0,0,0,0,0,0,0,0,0,0,0,0,0,0,0,0,0,0,0,0,0,0,0,0,0,0,0,0,0,0,0,0,0,0,0,0,0,0,0,0,0,0,0,0,0,0,0,0,0,0,0,0,0,0,0,0,0,0,0,914,91,501,209,0,0,0,0,0,0,0,0,0,0
Thermotogales,0,0,0,0,0,0,0,0,0,0,0,0,0,0,0,0,0,0,0,0,0,0,0,0,0,0,0,0,0,0,0,0,0,0,0,0,0,0,0,0,0,0,0,0,0,0,0,0,0,0,0,0,0,0,0,0,0,0,0,0,0,0,0,0,0,0,0,0,0,0,0,0,0,0,0,0,0,0,0,0,0,0,0,0,0,0,0,0,0,0,0,0,0,0,0,0,0,0,0,0,0,0,0,0
(Candidatus Vecturithrix),0,0,0,0,0,0,0,0,0,0,0,0,0,0,0,0,0,0,0,0,0,0,0,0,0,0,0,0,0,0,0,0,0,0,0,0,0,0,0,0,0,0,0,0,0,0,0,0,0,0,0,0,1,0,0,0,0,0,0,0,0,0,0,0,0,0,0,0,0,0,0,0,0,0,0,0,0,0,0,0,0,0,0,0,0,0,0,0,0,0,0,0,0,0,0,0,0,0,0,0,0,151,162,177
Thermoproteales,0,0,0,0,0,0,0,0,0,0,0,0,0,0,0,0,0,0,0,0,0,0,0,0,0,0,0,0,0,0,0,0,0,0,0,0,0,0,0,0,0,0,0,0,0,0,0,0,0,0,0,0,0,0,0,0,0,0,0,0,0,0,0,0,0,0,0,0,0,0,0,0,0,0,0,0,0,0,0,0,0,0,0,0,0,0,0,0,0,0,0,0,0,0,0,0,0,0,0,0,0,0,0,0
Selenomonadales,0,0,0,0,0,0,0,0,0,0,0,0,0,0,0,0,0,0,0,0,0,0,0,0,0,0,0,0,0,0,0,0,0,0,0,0,0,0,0,0,0,0,0,0,0,0,0,0,0,0,0,0,0,0,0,0,0,0,0,0,0,0,0,0,0,0,0,0,0,0,0,0,0,0,0,0,0,0,0,0,0,0,0,0,0,0,0,0,0,0,0,0,0,0,0,0,0,0,0,0,0,0,0,0
Chitinispirillales,0,0,0,0,0,0,0,0,0,0,0,0,0,0,0,0,0,0,0,0,0,0,0,0,0,0,0,0,0,0,0,0,0,0,0,0,0,0,0,0,0,0,0,0,0,0,0,0,0,0,0,0,0,0,0,0,0,0,0,0,0,0,0,0,1,0,0,0,0,0,0,0,0,0,0,0,0,0,0,0,0,0,0,0,0,0,0,0,0,0,0,0,0,0,0,0,0,0,0,0,0,0,0,0
Campylobacterales,0,0,0,0,0,0,0,0,0,0,0,0,0,0,0,0,0,0,0,0,0,0,0,0,0,0,0,0,0,0,0,0,0,0,0,0,0,0,0,0,0,0,0,0,0,0,0,0,0,0,0,0,0,0,0,0,0,0,0,0,0,0,0,0,1,0,0,0,0,0,0,0,0,0,0,0,0,0,0,0,0,0,0,0,0,0,0,0,0,0,0,0,0,0,0,0,0,0,0,0,0,0,0,0
Actinopolysporales,0,0,0,0,0,0,0,0,0,0,0,0,0,0,0,0,0,0,0,0,0,0,0,0,0,0,0,0,0,0,0,0,0,762,0,789,0,0,0,0,0,0,0,0,0,0,0,0,0,0,0,0,0,0,0,0,0,0,0,0,0,0,0,0,0,0,0,0,0,0,0,0,0,0,0,0,0,6,0,0,0,0,0,0,0,0,0,0,0,0,0,0,0,0,0,0,0,0,0,282,0,0,0,0
Balneolales,0,0,0,0,0,0,0,0,0,0,0,0,0,0,0,0,0,0,0,0,0,0,0,0,0,0,0,0,0,0,0,0,0,0,0,0,0,0,0,0,0,0,0,0,0,0,0,0,0,0,0,0,0,0,0,0,0,0,0,0,0,0,0,0,0,0,0,0,0,0,0,0,0,0,0,0,0,0,0,0,0,0,0,0,0,0,0,0,0,594,0,0,393,181,0,0,0,0,0,0,0,0,0,0
(Candidatus Acetothermum),0,0,0,0,0,0,0,0,0,0,0,0,0,0,0,0,0,0,0,0,0,0,0,0,0,0,0,0,0,0,0,0,0,0,0,0,0,0,0,0,0,0,0,0,0,0,0,0,0,0,0,0,0,0,0,0,0,0,0,0,0,0,0,0,0,0,0,0,0,0,0,0,0,0,0,0,0,0,0,0,0,0,0,0,0,0,0,0,0,0,0,0,0,0,0,0,0,0,0,0,0,187,213,212
(Candidatus Omnitrophus),0,0,0,0,0,0,0,0,0,0,0,0,0,0,0,0,0,0,0,0,0,0,0,0,0,0,0,0,0,0,0,0,0,0,0,0,0,0,0,0,0,0,0,0,0,0,0,0,0,0,0,0,0,0,0,0,0,0,0,0,0,0,0,0,0,0,0,0,0,0,0,0,0,0,0,0,0,0,0,0,0,0,0,0,0,0,0,0,0,0,0,0,0,0,0,0,0,0,0,0,0,0,0,0
Thermodesulfobacteriales,0,0,0,0,0,0,0,0,0,0,0,0,0,0,0,0,0,0,0,0,0,0,0,0,0,0,0,0,0,0,0,0,0,0,0,0,0,0,0,0,0,0,0,0,0,0,0,0,0,0,0,0,0,0,0,0,0,0,0,0,0,0,0,0,0,0,0,0,0,0,0,0,0,0,0,0,0,0,0,0,0,0,0,0,0,0,0,0,0,0,0,0,0,0,0,0,0,0,0,0,0,241,249,0
(Candidatus Moduliflexus),0,0,0,0,0,0,0,0,0,0,0,0,0,0,0,0,0,0,0,0,0,0,0,0,0,0,0,0,0,0,0,0,0,0,0,0,0,0,0,0,0,0,0,0,0,0,0,0,0,0,0,0,0,0,0,0,0,0,0,0,0,0,0,0,0,0,0,0,0,0,0,0,0,0,0,0,0,0,0,0,0,0,0,0,0,0,0,0,0,0,0,0,0,0,0,0,0,0,0,0,0,0,114,102
Nitrosopumilales,0,0,0,0,0,0,0,0,0,0,0,0,0,0,0,0,0,0,0,0,0,0,0,0,0,0,0,0,0,0,0,0,0,0,0,0,0,0,0,0,0,0,0,0,0,0,0,0,0,0,0,0,0,0,0,0,0,0,0,0,0,0,0,0,0,0,0,0,0,0,0,0,0,0,0,0,0,0,0,0,0,0,0,0,0,0,0,0,446,0,0,0,0,0,0,0,0,0,288,0,0,0,0,0
(Thermobispora),0,0,0,0,0,0,0,0,0,0,0,0,0,0,0,0,0,0,0,0,0,0,0,0,0,0,0,0,0,0,0,0,0,0,0,0,0,0,0,0,0,0,0,0,0,0,0,0,0,0,0,0,2,0,0,0,0,0,0,0,0,0,0,0,0,0,0,0,0,0,0,0,0,0,0,0,0,0,0,0,0,0,0,0,0,0,0,0,0,0,0,0,0,0,0,0,0,0,0,454,353,0,0,0
(Candidatus Micrarchaeum),0,0,0,0,0,0,0,0,0,0,0,0,0,0,0,0,0,0,0,0,0,0,0,0,0,0,0,0,0,0,0,0,0,0,0,0,0,0,0,0,0,0,0,0,0,0,0,0,0,0,0,0,0,0,0,0,0,0,0,0,0,0,0,0,0,0,0,0,0,0,0,0,0,0,0,0,0,0,0,0,0,0,0,0,0,0,0,0,0,0,328,38,270,124,0,0,0,0,0,0,0,0,0,0
Halanaerobiales,0,0,0,0,0,0,0,0,0,0,0,0,0,0,0,0,0,0,0,0,0,0,0,0,0,0,0,0,0,0,0,0,0,0,0,0,0,0,0,0,0,0,0,0,0,0,0,0,0,0,0,0,0,0,0,0,0,0,0,0,0,0,0,0,0,0,0,0,0,0,0,0,0,0,0,0,0,0,0,0,0,0,0,0,0,0,0,0,0,0,0,0,0,0,0,0,0,0,0,0,0,0,0,0
(Candidatus Korarchaeum),0,0,0,0,0,0,0,0,0,0,0,0,0,0,0,0,0,0,0,0,0,0,0,0,0,0,0,0,0,0,0,0,0,0,0,0,0,0,0,0,0,0,0,0,0,0,0,0,0,0,0,0,0,0,0,0,0,0,0,0,0,0,0,0,0,0,0,0,0,0,0,0,0,0,0,0,0,0,0,0,0,0,0,0,0,0,0,0,0,0,0,0,0,0,0,0,0,0,0,0,0,0,0,0
Methanococcales,0,0,0,0,0,0,0,0,0,0,0,0,0,0,0,0,0,0,0,0,0,0,0,0,0,0,0,0,0,0,0,0,0,0,0,0,0,0,0,0,0,0,0,0,0,0,0,0,0,0,0,0,0,0,0,0,0,0,0,0,0,0,0,0,0,0,0,0,0,0,0,0,0,0,0,0,0,0,0,0,0,0,0,0,0,0,0,0,0,0,0,0,0,0,0,0,0,0,0,0,0,0,0,0
Synergistales,0,0,0,0,0,0,0,0,0,0,0,0,0,0,0,0,0,0,0,0,0,0,0,0,0,0,0,0,0,0,0,0,0,0,0,0,0,0,0,0,0,0,0,0,0,0,0,0,0,0,0,0,0,0,0,0,0,0,0,0,0,0,0,0,0,0,0,0,0,0,0,0,0,0,0,0,0,0,0,0,0,0,0,0,0,0,0,0,0,0,0,0,0,0,0,0,0,0,0,0,0,0,0,0
Dictyoglomales,0,0,0,0,0,0,0,0,0,0,0,0,0,0,0,0,0,0,0,0,0,0,0,0,0,0,0,0,0,0,0,0,0,0,0,0,0,0,0,0,0,0,0,0,0,0,0,0,0,0,0,0,0,0,0,0,0,0,0,0,0,0,0,0,0,0,0,0,0,0,0,0,0,0,0,0,0,0,0,0,0,0,0,0,0,0,0,0,0,0,0,0,0,0,0,0,0,0,0,0,0,0,0,0
Lentisphaerales,0,0,0,0,0,0,0,0,0,0,0,0,0,0,0,0,0,0,0,0,0,0,0,0,0,0,0,0,0,0,0,0,0,0,0,0,0,0,0,0,0,0,0,0,0,0,0,0,0,0,0,0,0,0,0,0,0,0,0,0,0,0,0,0,0,0,0,0,0,0,0,0,0,0,0,0,0,0,0,0,0,0,0,0,0,0,0,0,0,0,0,0,0,0,0,0,0,0,0,79,0,123,109,144
Kosmotogales,0,0,0,0,0,0,0,0,0,0,0,0,0,0,0,0,0,0,0,0,0,0,0,0,0,0,0,0,0,0,0,0,0,0,0,0,0,0,0,0,0,0,0,0,0,0,0,0,0,0,0,0,0,0,0,0,0,0,0,0,0,0,0,0,0,0,0,0,0,0,0,0,0,0,0,0,0,0,0,0,0,0,0,0,0,0,0,0,0,0,0,0,0,0,0,0,0,0,0,0,0,0,0,0
(Candidatus Chrysopegis),0,0,0,0,0,0,0,0,0,0,0,0,0,0,0,0,0,0,0,0,0,0,0,0,0,0,0,0,0,0,0,0,0,0,0,0,0,0,0,0,0,0,0,0,0,0,0,0,0,0,0,0,0,0,0,0,0,0,0,0,0,0,0,0,0,0,0,0,0,0,0,0,0,0,0,0,0,0,0,0,0,0,0,0,0,0,0,0,0,0,0,0,0,0,0,0,0,0,0,0,0,0,0,0
Ferrovales,0,0,0,0,0,0,0,0,0,0,0,0,0,0,0,0,0,0,0,0,0,0,0,0,0,0,0,440,0,0,0,0,0,0,0,0,0,0,0,0,0,0,0,0,0,0,0,0,0,0,0,0,0,0,0,0,0,0,0,0,0,0,0,0,0,0,0,0,0,0,0,0,0,0,0,0,0,0,0,0,0,0,0,0,0,0,0,0,0,0,397,0,0,0,0,0,0,0,0,0,0,0,0,0
Fusobacteriales,0,0,0,0,0,0,0,0,0,0,0,0,0,0,0,0,0,0,0,0,0,0,0,0,0,0,0,0,0,0,0,0,0,641,0,0,0,0,0,0,0,0,0,0,0,0,0,0,0,0,0,0,0,0,0,0,0,0,0,0,0,0,0,0,0,0,0,0,0,0,0,0,0,0,0,0,0,0,0,0,0,0,0,0,0,0,0,0,0,0,0,0,0,0,0,0,0,0,0,0,0,0,0,0
Desulfurellales,0,0,0,0,0,0,0,0,0,0,0,0,0,0,0,0,0,0,0,0,0,0,0,0,0,0,0,0,0,0,0,0,0,0,0,0,0,0,0,0,0,0,0,0,0,0,0,0,0,0,0,0,0,0,0,0,0,0,0,0,0,0,0,0,0,0,0,0,0,0,0,0,0,0,0,0,0,1,0,0,0,0,0,0,0,0,0,0,0,0,0,0,0,162,0,0,0,0,0,0,0,0,0,0
Chroococcidiopsidales,0,0,0,0,0,0,0,0,0,0,0,0,0,0,0,0,0,0,0,0,0,0,0,0,0,0,0,0,0,0,0,0,0,0,0,618,0,0,0,0,0,0,0,0,0,0,0,0,0,0,0,0,0,0,0,0,0,0,0,0,0,0,0,0,2,0,0,0,0,0,0,0,0,0,0,0,0,0,0,0,0,0,0,0,0,0,0,0,0,0,0,0,0,0,0,0,0,0,0,0,0,0,0,0
Desulfurococcales,0,0,0,0,0,0,0,0,0,0,0,0,0,0,0,0,0,0,0,0,0,0,0,0,0,0,0,0,0,0,0,0,0,0,0,0,0,0,0,0,0,0,0,0,0,0,0,0,0,0,0,0,0,0,0,0,0,0,0,0,0,0,0,0,0,0,0,0,0,0,0,0,0,0,0,0,0,0,0,0,0,0,0,0,0,0,0,0,0,0,0,0,0,0,0,0,0,0,0,0,0,0,0,0
Petrotogales,0,0,0,0,0,0,0,0,0,0,0,0,0,0,0,0,0,0,0,0,0,0,0,0,0,0,0,0,0,0,0,0,0,0,0,0,0,0,0,0,0,0,0,0,0,0,0,0,0,0,0,0,0,0,0,0,0,0,0,0,0,0,0,0,0,0,0,0,0,0,0,0,0,0,0,0,0,0,0,0,0,0,0,0,0,0,0,0,0,0,0,0,0,0,0,0,0,0,0,0,0,0,0,0
(Thiolapillus),0,0,0,0,0,0,0,0,0,0,0,0,0,0,0,0,0,0,0,0,0,0,0,0,0,0,0,0,0,0,0,0,0,0,0,0,0,0,0,0,0,447,0,0,0,0,0,0,0,0,0,0,0,0,0,0,0,0,0,0,0,0,0,0,0,0,0,0,0,0,0,0,0,0,0,0,0,0,0,0,0,0,0,0,0,0,0,0,0,0,0,0,0,0,0,0,0,0,0,0,0,0,0,0
(Candidatus Nitrosotenuis),0,0,0,0,0,0,0,0,0,0,0,0,0,0,0,0,0,0,0,0,0,0,0,0,0,0,0,0,0,0,0,0,0,0,0,0,0,0,0,0,0,0,0,0,0,0,0,0,0,0,0,0,0,0,0,0,0,0,0,0,0,0,0,0,1,0,0,0,0,0,0,0,0,0,0,0,0,0,0,0,0,0,0,0,0,0,0,0,0,0,0,0,0,0,0,0,0,0,0,0,0,0,0,0
Chlamydiales,0,0,0,0,0,0,0,0,0,0,0,0,0,0,0,0,0,0,0,0,0,0,0,0,0,0,0,0,0,0,0,0,0,0,0,0,0,0,0,0,0,0,0,0,0,0,0,0,0,0,0,0,0,0,0,0,0,0,0,0,0,0,0,0,0,0,0,0,0,0,0,0,0,0,0,0,0,0,0,0,0,0,0,0,0,0,0,0,0,0,0,0,0,0,0,0,0,0,0,0,0,0,0,0
(Thiohalorhabdus),0,0,0,0,0,0,0,0,0,0,0,0,0,0,0,0,0,0,0,0,0,0,0,0,0,0,0,0,0,0,0,0,0,0,0,0,0,0,0,0,0,0,0,0,0,0,0,0,0,0,0,0,0,0,0,0,0,0,0,0,0,0,0,0,0,0,0,0,0,0,0,0,0,0,0,0,0,2,0,0,0,0,0,0,0,0,0,0,0,0,0,79,0,0,0,0,0,0,0,0,0,0,0,0
Puniceicoccales,0,0,0,0,0,0,0,0,0,0,0,0,0,0,0,0,0,0,0,0,0,0,0,0,0,0,0,0,0,0,0,0,0,0,0,0,0,0,0,0,0,0,0,0,0,0,0,0,0,0,0,0,0,0,0,0,0,0,0,0,0,0,0,0,0,0,0,0,0,0,0,0,0,0,0,0,0,0,0,0,0,0,0,0,0,0,0,0,0,0,0,0,0,0,0,0,0,0,0,0,0,0,0,0
