,Group.1,G11.1.rna,G11.2.rna,G11.3.rna,G11.4.rna,G11.5.rna,G1.1.rna,G1.2.rna,G1.3.rna,G1.4.rna,G1.5.rna,V10A.1.rna,V10A.2.rna,V10A.3.rna,V10A.4.rna,V10A.5.rna
1,Acidimicrobiia,85.0556456605,223.3132063005,162.4533889906,387.2283568685,168.0066212015,39.1570123963,97.1803278225,118.513652898,136.7688478911,110.0346345083,88.0215464085,133.3604040783,192.0990565903,203.8465304905,182.0503826051
2,Acidithiobacillia,4.1280798701,5.409719145,18.6757439313,6.7096538601,10.0516781911,0.8092864247,2.8853540633,2.3477602879,4.3052588432,2.8391338046,1.1711222248,1.3126981079,2.433012626,2.4708670362,4.5363861681
3,Acidobacteriia,659.3747576065,1634.5141812971,1700.6439422309,1131.542458954,676.6035882817,457.8071051871,1263.6247822019,1749.2743812615,1193.8636531163,848.5370161035,269.1707321394,436.788140794,344.2531297858,739.4893228395,998.8601772653
4,Aconoidasida,0,0.1731110126,0.4477061901,0.0508307111,0.0448735634,0.0622528019,0,0.0321610998,0.1153194333,0.1819957567,0,0.0486184484,0.1089408639,0.1647244691,0.0743669864
5,Actinobacteria,1713.4971527758,1951.2640566777,1442.8291347503,6681.3919848201,1011.3603709003,1880.2213758979,1333.1137258949,2506.378832529,1506.4946367792,1462.0811111708,2606.7306924796,3094.467006568,1852.9025260037,1945.2724365415,1470.2353203253
6,Agaricomycetes,1.5480299514,3.7218867718,7.5470472053,3.3039962189,2.4231724213,1.9920896608,5.4901875925,7.0432808642,5.5353327983,4.1131041016,2.4827791165,5.2994108801,3.8492438562,5.4770885965,6.0237258954
7,Alphaproteobacteria,649.5705679234,1499.3144804759,1409.3790865619,1508.7063350492,1013.7835433693,492.4196630454,826.3734185873,1221.9609882838,827.0709756169,806.2412021925,527.1923806901,866.5752250241,768.1783446683,1032.7812400391,1177.3409445957
8,Anaerolineae,54.0090449684,90.1042820763,90.8203985701,120.0113088165,76.5542990815,21.5394694582,61.6343687379,50.2677990452,63.3488086915,53.4339541713,24.1719627178,36.026270296,60.7890020305,79.8913675065,93.7024028102
9,Aquificae,2.4080465913,4.7605528474,4.9887261186,2.7956891086,3.5450115056,2.8636288876,2.2441642718,4.8241649752,4.5358977098,3.3851210745,2.5296240054,3.6950020817,3.1955986732,4.3651984307,3.6811658252
10,Archaeoglobi,0.6020116477,0.2163887658,1.4070765975,0.6099685328,0.4487356337,0,0.240446172,0.1608054991,0.6150369776,0.2547940594,0,0.0972368969,0.2541953491,0.164724469,0.3346514387
11,Ardenticatenia,8.8581713881,12.896770441,9.7216201287,9.911988657,12.1607356686,2.9881344913,5.3699645065,8.490530357,8.149239953,5.8602633659,1.5927262257,1.750264144,3.7039893708,5.6006319488,7.1392306904
12,Bacillariophyceae,0,0.0865555063,0.1279160543,0.1524921332,0.2692413801,0,0.120223086,0,0,0.1455966054,0.093689778,0.0972368969,0,0.2470867036,0.1115504796
13,Bacilli,89.1837255311,170.1681254226,192.7694938675,221.4185773863,168.5899775241,41.0868492552,107.4393644929,135.0766193138,146.0712821775,129.3625838708,37.241686748,65.1487209117,94.2338472346,133.8386311305,181.2323457564
14,Bacteroidia,6.4501247976,13.545936739,13.8788918942,14.5884140751,8.2118620948,3.6106625102,7.7744262267,11.1920627428,11.6088229522,7.7894183863,5.1060928997,9.4805974463,13.4723534966,12.8896897057,12.828305148
15,Balneolia,0.8600166396,1.4714436075,2.2385309507,1.0674449324,0.6282298871,0.3735168114,0.8014872398,1.0291551948,1.3838331996,1.6379618104,0.7026733349,0.9723689687,1.270976745,2.0590558636,1.9707251385
16,Bangiophyceae,1.6340316152,1.5147213607,1.598950679,0.5083071107,0.8077241405,0.6847808209,0.8816359639,1.4472494924,0.9609952775,1.5287643563,1.8269506705,2.3336855252,1.6704265791,1.3177957528,2.6400280159
17,Basidiobolomycetes,0,0.0432777532,0,0,0.1346206901,0,0,0.0643221997,0,0.0727983027,0,0,0,0,0.0371834932
18,Betaproteobacteria,261.1010517965,564.644845475,1091.827481679,767.3404141984,1071.0422101368,106.2032800431,177.9702416057,253.5259500051,367.5614737326,364.6466981425,160.2563652363,151.8840329226,189.7749848428,275.8723045961,951.9346088857
19,Blastocatellia,111.3721548301,102.7413859986,80.9069043593,35.937312721,36.4373334454,6.3497857938,14.5069190409,26.6293906659,34.749589234,27.6269558683,26.8889662796,22.413104732,52.3642418925,69.7196315383,61.6130481981
20,Blastocladiomycetes,0,1.2983325948,0.3197901358,0.2033228442,0.0897471267,0.8715392267,0.8415616018,0.1286443994,0.4612777332,0.1819957567,0.9837426687,2.9171069067,1.0894086385,0.3294489382,0.2602844522
21,Caldilineae,7.9121530845,4.2844975626,3.83748163,4.8289175507,2.6026666746,1.7430784533,3.8872131127,3.6020431818,3.3827033767,2.0383524752,2.3422444493,1.8961194893,1.4162312302,2.5120481533,2.3053765773
22,Caldisericia,0,0.1731110126,0.7674963259,0.4574763996,0.2692413802,0,0,0.0321610998,0.4612777332,0.2547940594,0.093689778,0.0972368968,0.2178817277,0.3706300554,0.3346514387
23,Calditrichae,0.6880133119,1.7311101264,1.918740815,0.8132913771,1.4359540274,0.4357696133,0.6011154298,1.1256384942,2.3832682882,2.0019533237,0.7026733348,0.7778951751,0.9441541534,1.4413391043,2.677211509
24,CandidatusLambdaproteobacteria,0.172003328,0.7357218037,0.5116642173,0.4066456885,0.4038620703,0.5602752171,0.8816359638,0.7075441963,0.6534767887,0.3639915133,0.4216040009,0.7778951751,0.1452544851,0.5765356418,0.4090184249
25,CandidatusMuproteobacteria,3.2680632307,6.1021631954,23.9203021583,6.3030081716,15.7954943006,0.622528019,2.4445360816,2.9266600848,3.7286616767,4.0767049502,0.796363113,3.549146736,3.0866578093,5.2711830104,10.6344790494
26,CandidatusPeribacteria,0,0.5193330379,0.3197901359,1.1182756433,0.4936091971,0,0.080148724,0.192966599,0.2306388666,0.2547940594,0.5152937789,0,0.2905089703,0.3294489381,0.8924038364
27,CandidatusThalassoarchaea,0,0.4327775315,0,0,0.0897471267,0,0,0,0.0768796222,0,0,0,0,0,0.1487339727
28,Chitinispirillia,0.2580049919,0.259666519,0.5116642173,0.2541535554,0.0897471267,0,0.3205948959,0.578899797,1.0378748997,0.7279830269,0.093689778,0,0.1089408639,0.2059055863,0.409018425
29,Chitinivibrionia,0,0.0865555063,0,0,0,0,0.080148724,0.0643221997,0.0384398111,0,0,0,0,0,0.0371834932
30,Chitinophagia,27.0905241488,60.2426323961,53.6607847884,25.2120326867,8.7952184182,16.7460037114,26.8097481709,29.1379564528,34.1729920676,22.53107468,5.5745417903,5.7855953644,3.6676757504,7.9067745157,13.6463419989
31,Chlamydiia,2.494048255,3.3323869934,6.0120545534,3.3039962192,3.0065287449,1.4318144437,2.8853540633,4.6311983765,3.7286616766,3.1667261667,0.9368977799,1.5557903501,2.1425036558,2.759134857,3.7183493181
32,Chlorobia,4.816093182,3.6353312654,3.5176914939,1.4232599096,1.0320919572,1.245056038,2.9254284251,1.5758938921,2.6139071548,1.7107601128,0.6558284459,0.9723689688,1.9972491709,1.8119691602,4.127367743
33,Chlorodendrophyceae,0,0,0,0,0.0897471267,0,0,0,0,0,0,0,0,0,0.0371834932
34,Chloroflexia,21.9304243102,62.882575339,55.3876515213,71.7729640191,54.7457472899,9.1511618796,30.0958458525,31.9681332378,42.2837922083,38.4739029721,8.9005289078,17.988825924,33.8442950361,52.2588378178,69.1241138173
35,Chlorophyceae,0.5160099839,1.8176656329,1.0872864619,1.3724291987,1.750068971,0,0.6011154298,1.3186050935,1.5760322551,1.3103694482,0.8432080018,0.9723689689,1.7067402002,2.882678209,3.718349318
36,Chrysiogenetes,0.4300083198,1.081943829,1.0872864617,2.1857205757,1.0320919573,0.1245056038,0.40074362,0.385933198,0.4997175443,0.8371804808,0.093689778,0.1458553452,0.3268225917,0.2059055863,0.6321193841
37,Chthonomonadetes,16.5123194802,8.6122728783,7.0353829875,6.7604845712,7.1797701367,1.7430784532,3.726915665,6.0462867693,9.4561935302,7.6802209339,1.2648120027,2.4309224221,2.2151308983,3.1297649126,4.5363861676
38,Chytridiomycetes,0,0,0.1918740815,0.0508307111,0,0.0622528019,0,0.0964832995,0.0768796222,0.218394908,0.046844889,0,0,0.1235433518,0.0371834932
39,Clostridia,216.638191523,390.1489447302,399.6097537075,542.0587027682,405.4775184678,87.4029338696,246.9382185755,331.098522822,376.4026302827,311.1035465268,78.3714992804,157.1834438112,312.6965928772,392.7031342974,455.2375069853
40,Coccidia,1.2040232953,1.2983325947,1.5989506789,2.2365512867,1.6603218441,0.3112640095,0.7614128779,1.3829272929,1.9988701772,1.6743609618,0.421604001,0.4861844844,0.9441541534,0.7000789937,0.7436698637
41,Coriobacteriia,12.9002495946,16.6186572135,12.6636893781,13.7751226984,11.6222529101,2.6768704817,8.6159878278,14.2473672276,12.9926561518,11.6477284294,10.071651132,13.613165564,13.00027642,17.2137070187,16.6210214519
42,Coscinodiscophyceae,0.086001664,0.1298332595,0.1918740815,0.6099685328,0.1794942534,0.0622528019,0.240446172,0.385933198,0.5765971665,0.2547940594,0,0,0.1089408638,0.1235433518,0.2974679455
43,Cryptophyta,0,0.0865555064,0,0,0.0448735634,0,0,0.0964832995,0,0,0.093689778,0.3403291391,0.0726272426,0.2882678209,0
44,Cytophagia,5.160099838,8.655550632,10.297242373,13.9276148313,7.0451494473,1.9920896608,5.9310055746,8.6513358561,7.7648418422,6.9886370572,2.8106933393,2.4309224218,4.3939481757,6.7537032325,6.2840103479
45,Dacrymycetes,0.3440066558,0.1298332595,0.3837481629,0.1016614221,0,0.1867584057,0.4808923439,0.611060897,0.384398111,0.2183949081,0.046844889,0,0.0726272426,0.0823622346,0.1115504796
46,Deferribacteres,1.6340316153,3.1592759806,4.6049779557,2.9990119526,3.8142528855,0.8715392266,1.7231975659,2.3799213878,3.1905043213,2.7299363503,1.4053466697,2.1392117314,2.3966990049,5.1888207762,5.7262579498
47,Dehalococcoidia,16.8563261367,30.3809827171,35.1769149388,46.1034549334,59.1882300617,9.1511618798,22.7221632467,18.1388603078,26.1775113585,23.2954568601,6.7925089035,10.6474402083,30.7213236059,45.175685647,55.7752397667
48,Deinococci,4.5580881902,9.088328164,13.5591017586,12.0977092328,7.9874942774,3.6729153123,5.8107824887,8.7799802555,11.5703831409,8.9177920786,3.4665217854,5.0077001894,7.4806059847,10.7894527244,12.1961857628
49,Deltaproteobacteria,185.4195875061,390.2355002423,360.4034830624,339.7016420333,342.7891504823,155.7565103609,241.5281797088,369.0164595274,326.7383943449,303.7145187932,165.3624581284,220.873611275,255.5752666033,363.5880843847,436.3854759628
50,Dictyoglomia,1.2040232954,1.5579991137,2.366447005,0.3049842664,0.9423448305,0.1867584057,0.8415616019,0.8040274959,1.1916341441,1.5287643566,0.187379556,0.6320398297,0.8715269107,0.7824412283,1.6732571931
51,Dinophyceae,0.086001664,0.259666519,1.2152025161,0.2541535553,0.1794942534,0.1867584057,0.4808923438,0.385933198,0.4612777332,0.109197454,0.281069334,0.340329139,0.2178817277,0.0823622346,0.3346514386
52,Dothideomycetes,3.6120698863,18.5228783516,35.3048309932,19.9256387363,2.7372873648,9.5246786911,5.4501132303,8.6191747564,3.5364626212,2.0747516265,31.8076796205,52.1675951815,22.8412677871,22.93788232,7.2507811699
53,Elusimicrobia,0,0.2163887658,0.1918740815,0,0,0,0.040074362,0.0321610998,0.0384398111,0.0363991513,0,0,0,0.0823622345,0
54,Endomicrobia,0.6880133117,0.4327775316,0,0.2541535553,0,0,0.040074362,0,0.1153194333,0.109197454,0.093689778,0,0.1089408639,0.2470867035,0.3718349319
55,Entomophthoromycetes,0,0.0865555063,0,0.1016614221,0.0448735634,0.1245056038,0,0,0,0,0.140534667,0,0,0,0.2974679454
56,Epsilonproteobacteria,5.8481131496,16.099324175,22.8330156967,27.1435997069,16.7827126943,3.859673718,9.6579212397,10.4523574463,12.3776191738,10.3737581327,5.2934724557,10.4043479666,12.6008265854,20.3434719315,22.8678483051
57,Erysipelotrichia,2.580049919,10.9492715489,13.6870178128,14.9950597633,10.9491494583,0.9960448304,5.4100388682,5.3709036728,10.0712305079,7.3526285714,3.8881257861,3.1115807002,9.0784053206,14.001579872,20.0047193295
58,Eurotiomycetes,35.5186872159,69.6339048308,204.0900646706,86.7680237826,11.3978850925,80.7418840692,35.626107807,33.6083493304,13.2617348292,8.5538005652,146.8587269677,308.2895815912,80.6162392486,74.5378222612,28.147904337
59,Exobasidiomycetes,0.1720033279,0.259666519,0.3197901358,0.4066456885,0.1346206902,0,2.925428425,0.2572887986,0.4997175443,0.0727983027,0.046844889,0.1458553453,0.0363136213,0,0
60,Fibrobacteria,0.1720033279,0.3462220254,0.5116642173,0.1524921332,0.4038620703,0.3735168114,0.7213385159,0.5145775974,1.1916341441,0.5823864214,0.093689778,0.1944737937,0.1452544851,0.45299229,1.4129727408
61,Fimbriimonadia,0.6020116478,1.2117770883,1.7268667334,0.6607992438,0.4936091969,0.7470336228,1.3224539456,2.0261492898,2.2679488548,2.4023439887,0.093689778,0.4861844844,0.508390698,1.0295279317,1.3757892476
62,Flavobacteriia,3.9560765426,5.2366081324,6.7795508795,4.0156261739,3.5001379421,3.797420916,11.3009700807,6.5608643668,8.2645593863,4.8774862793,2.8575382283,3.4519098395,3.3771667797,4.5711040168,6.5814782937
63,Florideophyceae,0.3440066558,0.4327775316,0.6395802717,0.2033228442,0.2243678168,0.3735168114,0.3606692579,0.3537720982,0.4997175443,0.6915838754,0.093689778,0.2430922422,0.1815681064,0.5765356417,0.7436698637
64,Fragilariophyceae,0.1720033279,0.3462220253,0.1918740815,0,0.1794942534,0.0622528019,1.3224539455,1.1256384943,1.1147545218,0.5823864215,0.046844889,0,0,0,0
65,Fusobacteriia,0.5160099839,2.8563317086,2.6222791137,2.3382127088,2.468045985,1.0582976323,2.8452797015,4.3095873784,3.2673839435,3.1303270153,0.7026733349,1.5557903501,2.6145807326,2.3473236841,2.1194591118
66,Gammaproteobacteria,178.7114577195,451.5600764711,987.8317295121,421.9965632432,831.0583933113,76.6331991399,209.6690619377,333.3819609078,377.2483061323,387.6145626399,100.1543726647,186.4031313197,244.0638486572,370.1358820334,572.5142444888
67,Gemmatimonadetes,77.4874992316,162.1184633366,169.8085621172,24.6020641566,158.8524142838,9.7114370965,29.3745073405,72.0408636326,144.4952499227,148.0353485071,14.8498298111,24.7954087045,28.7967016806,61.071596913,142.4871458669
68,Glaucocystophyceae,0,0.2596665189,0.3837481629,0.1524921332,0.2692413801,0.1245056038,0.2805205339,0.2572887987,0.4228379221,0.5459872701,0.046844889,0.0486184484,0,0.0823622345,0.1487339727
69,Gloeobacteria,0.6880133117,1.4281658543,1.2791605432,1.4232599098,1.4359540275,1.4318144438,0.8415616018,1.6080549919,1.3069535774,1.0919745403,0.4684488899,0.437566036,0.508390698,0.4941734072,0.2974679454
70,Glomeromycetes,0.5160099838,2.5533874363,1.0233284346,0.1016614221,0,1.6808256514,0,0,0.0768796222,0,1.0305875576,0.6320398298,0.2905089703,0.8236223454,0.409018425
71,Gregarinasina,0,0,0,0,0,0,0,0.0321610998,0,0,0,0,0,0,0
72,Hadesarchaea,0.1720033279,0.2596665189,0.4477061901,0.5083071106,0.0448735634,0,0,0.1608054992,0.0768796222,0,0,0,0,0.1235433518,0.3718349319
73,Halobacteria,1.0320199676,2.6399429429,2.1106148963,3.151504086,1.1667126474,0.4980224152,1.6831232037,2.4764046874,1.4991526329,1.5651635076,0.234224445,1.3126981079,1.9609355493,2.2237803325,2.1194591115
74,Heterolobosea,0.086001664,0.0432777532,0,0.0508307111,0,0,0,0,0.0768796222,0.0727983026,0,0,0,0,0
75,Heterotrichea,0,0,0,0,0,0,0,0,0,0,0,0,0,0,0
76,Holophagae,5.1600998377,8.5689951254,6.9074669337,3.5073190634,4.3976092091,0.8715392266,2.8853540632,4.1166207793,4.7280967652,3.203125318,1.4053466698,1.2640796591,1.5977993366,2.841497092,4.5363861679
77,Ignavibacteria,7.9121530848,13.0266037009,18.0361636592,11.3352485666,14.359540273,2.0543424627,7.8145005882,8.2332415585,10.6478276747,8.6265988684,2.6233137835,2.9657253546,7.371665121,10.3776415521,12.9770391196
78,Kiritimatiellae,1.8060349433,8.8719393972,17.7163735237,82.8032283196,21.9880460419,0.5602752171,2.3243129953,3.3125932834,4.5743375207,4.8774862799,0.3747591118,1.7016456956,9.6957368826,9.1422080343,8.0316345264
79,Ktedonobacteria,8952.2572082784,4710.1342649167,4433.4425267455,3882.4497109003,421.2281392141,2480.0271222634,6422.8782929655,4030.6863204595,2367.7386044122,1284.4168535248,779.0305038272,1450.3855539941,1073.7574677257,1808.1393160409,583.0371730472
80,Lecanoromycetes,1.6340316152,2.3802764237,9.1459978841,5.8963624832,0.4038620703,4.7312129448,2.5246848051,2.6372101867,0.6919165998,0.4003906648,4.6844888985,7.8275701997,2.178817277,3.0062215608,0.5205689045
81,Lentisphaeria,0.086001664,0,0.0639580272,0.0508307111,0,0,0,0.1608054992,0.0768796222,0,0,0,0,0.0411811173,0
82,Leotiomycetes,75.7674659492,105.0783846666,230.9524360778,139.0728254644,33.206436881,125.3771430368,122.4271758679,90.1154017449,30.0983720896,17.9447816128,139.5977691726,140.9935004904,34.0984903854,38.9161558217,39.191401809
83,Limnochordia,3.7840732143,8.092939841,9.3378719655,9.2511894131,7.8977471503,3.1126400951,4.368105457,5.2744203734,5.4584531761,4.7318896747,1.5458813367,2.2364486283,3.9218710989,5.5182697145,8.1431850063
84,Malasseziomycetes,0,0,0,0,0,0,0,0,0,0.0363991513,0,0,0,0.0823622345,0.2231009591
85,Mamiellophyceae,0.3440066558,0.6491662974,0.5116642174,0.4066456885,0.2692413802,0.1245056038,0.160297448,0.4180942977,0.4997175443,0.5095881187,0.140534667,0.2917106906,0.1815681065,0.1647244692,0.371834932
86,Methanobacteria,1.2040232954,1.6445546199,1.598950679,1.4232599098,0.7179770137,0.1867584057,1.4827513936,1.4794105924,1.8451109328,1.2739702969,0.187379556,0.3403291391,0.508390698,0.5353545245,0.8924038363
87,Methanococci,0.4300083199,1.1684993354,2.3024889779,1.9315670204,3.5898850682,0.2490112076,0.240446172,0.6432219968,1.4222730107,0.9099787835,0.093689778,0,0.4357634555,0.4118111727,0.6321193843
88,Methanomicrobia,3.6980715503,5.8424966768,7.4191311508,23.8396034878,5.5643218561,2.3656064722,4.6887003526,5.692514671,5.6890920428,4.2587007071,1.3585017805,2.4795408708,5.8464930267,6.8360654672,7.2879646632
89,Methanopyri,0,0,0,0,0,0,0,0,0,0,0,0,0,0,0
90,Methylacidiphilae,0.6880133118,4.9769416132,2.686237141,4.9814096841,2.5577931112,1.5563200475,3.0055771492,5.6281924717,4.3052588431,4.440696464,1.1711222248,1.9447379376,2.9414033239,6.1771675906,7.9572675399
91,Microbotryomycetes,0,0.0432777532,0.1918740815,0,0.1794942534,0.1867584057,0,0.1608054991,0.0384398111,0.1819957566,0.093689778,0.0972368969,0.0363136213,0,0.1487339727
92,Mixiomycetes,0,0.0865555063,0.4477061901,0.2541535553,0,0.0622528019,0,0.0321610998,0.0384398111,0,0.046844889,0.2917106906,0.1089408639,0.0823622345,0
93,Mollicutes,3.5260682228,9.0883281632,11.3205708076,10.471126479,10.2311724452,3.6106625105,6.291674832,7.2684085633,8.879596364,8.2990065057,2.7638484506,5.202173983,6.7543335591,12.5190596502,11.2294149396
94,Monoblepharidomycetes,0,0,0,0.1016614221,0,0,0.040074362,0,0,0,0,0,0,0,0.0371834932
95,Nanohaloarchaea,0,0.2163887658,0.1279160543,0.1016614221,0.0448735634,0,0,0,0.1153194333,0.0363991513,0,0,0,0.0411811173,0.2974679455
96,Negativicutes,22.8764426143,42.7584201217,42.5960460899,36.038974143,36.6617012623,13.1353412013,29.6550278719,45.1220230712,44.7823799307,38.8742936337,16.2551764786,15.3634297071,30.430814636,45.7522212876,64.2902597058
97,Neocallimastigomycetes,0.1720033279,0,0.0639580272,0,0.1794942535,0,0,0.2572887986,0.1537592444,0.2547940594,0,0,0,0,0
98,Neolectomycetes,0,0,0,0,0,0,0,0,0,0,0,0,0,0,0
99,Nitriliruptoria,1.9780382713,1.5579991138,1.918740815,1.1691063546,1.1667126473,0.622528019,1.2823795837,0.7397052962,1.921990555,1.4923652049,0.8432080019,1.2640796595,1.9246219282,1.5237013391,2.491294043
100,Nitrososphaeria,155.3190051129,67.5565726787,18.9955340675,15.6558590065,6.4617931237,182.8364791926,577.4314818572,719.0900312706,386.7813792676,185.9632642275,0.93689778,4.2298050144,29.8497966947,30.8858379527,43.6534209925
101,Nitrospinia,1.1180216315,1.5147213606,0.8314543532,0.4574763995,0.358988507,0.3112640095,0.040074362,0.4180942978,0.8072360331,0.6551847239,0.4216040009,0.875132072,0.8352132895,2.2237803326,2.045092125
102,Nitrospira,14.53428121,28.130539553,21.2340650174,13.4193077203,12.9684598104,3.7974209159,9.617846878,14.3438505269,20.5268591272,17.9447816109,7.1204231266,7.9734255444,10.1678139602,19.9728418758,27.3298674892
103,Oligohymenophorea,0,0.0865555064,0,0,0.0448735634,0,0,0.0321610998,0.0768796222,0.0727983027,0.093689778,0,0.0363136213,0.164724469,0
104,Oomycetes,1.2040232955,1.9907766453,2.2385309509,2.338212709,2.3782988577,0.1867584057,0.9217103256,1.5115716922,1.8451109328,1.3467685997,0.140534667,0.4375660358,0.8715269109,0.4529922899,0.9295873296
105,Opitutae,6.7081297897,18.0035453151,15.4138845461,4.6255947069,13.4620690077,7.53258903,12.9440189229,19.5539487013,20.6037387496,15.7244333789,5.5745417901,7.3900041627,7.1537833939,9.9246492618,15.2452322051
106,Orbiliomycetes,0,0.4760552847,0.8314543531,0.3558149775,0,0,0,0.0321610998,0.0384398111,0.0363991513,0.046844889,0.6806582782,0,0,0
107,Pelagophyceae,0.086001664,0.4327775316,0.0639580272,0.3049842665,0.0448735634,0.0622528019,0.040074362,0.2894498985,0.3075184888,0.3275923621,0.046844889,0.3403291391,0.1089408639,0.2470867036,0.2602844523
108,Pezizomycetes,0,0.3029442722,0.383748163,0.4574763996,0.1346206901,0,0.080148724,0.0321610998,0.4997175443,0.109197454,0,0.3889475876,0.1089408639,0.1235433518,0.1859174659
109,Phycisphaerae,5.5041064938,14.7144360743,16.4372129802,7.8279295037,9.064459798,3.9219265198,7.4137569682,11.2563849435,10.7247072967,7.6074226302,6.6988191252,3.7436205294,4.9386524945,7.6185066952,9.5189742539
110,Planctomycetia,243.3847090185,455.3252409829,361.3628534662,255.9326302037,247.5674490407,107.7596000909,174.2433259294,263.206441066,274.0758531388,226.0387298339,151.7305954362,182.1247078598,159.7436200317,226.7432316948,278.0581619975
111,Pneumocystidomycetes,0,0.0865555063,0,0.0508307111,0,0,0.040074362,0.0643221997,0,0.0363991513,0,0,0,0,0
112,Pucciniomycetes,0,0,0.0639580272,0.6607992438,0.0448735634,0,0.120223086,0.1608054992,0.1153194333,0.1455966053,0.093689778,0,0.2178817277,0.4941734072,0.185917466
113,Rubrobacteria,19.6943810482,34.8818690458,26.0948750821,29.0243360168,19.3853793709,3.5484097084,8.8965083619,13.0574065327,12.339179363,11.6477284289,17.0515395922,18.2805366142,31.9559867302,32.1212714704,39.4888697583
114,Saccharomycetes,1.4620282873,4.11138655,5.7562224444,6.1505160382,3.9040000119,0.3112640095,1.1220821357,2.0583103895,2.8829858325,2.1839490802,0.562138668,0.8751320718,2.0698764134,1.6884258079,3.8670832907
115,Saprospiria,0.5160099838,0.8222773099,0.2558321086,0.6607992438,1.256459774,0,0.5209667059,0.7075441963,1.0378748997,1.0919745402,0.3279142229,0.6320398298,0.7988996682,0.7000789936,1.3014222613
116,Schizosaccharomycetes,0.086001664,0,0,0,0,0,0,0,0,0.0363991513,0,0,0,0,0.0743669864
117,Solibacteres,160.9091132787,482.8066142415,590.7802968903,156.5585900747,254.7472191756,128.8010471345,344.5593643741,576.3912312907,434.9464625859,300.1110028215,86.0072161881,107.6412448446,66.9260040329,130.9559529202,185.3597135102
118,Sordariomycetes,6.364123133,18.4796005989,36.6479495637,21.2980679347,12.5645977389,9.9604483045,4.7688490767,8.1689193589,4.0746199766,2.3295456853,17.0046947014,35.6859411584,11.910867781,10.9129960768,5.9865424018
119,Spartobacteria,67.9413145306,93.0038915368,91.3320627859,27.1944304178,20.0584828208,43.8259725393,115.5744599712,118.6744584017,99.2515922572,66.2464554458,39.2560169712,84.8391925347,74.1524146615,116.3366562913,82.2498869106
120,Sphingobacteriia,88.4097105525,87.4643391335,171.2156387109,88.953744359,37.6489196555,71.6529749903,155.8892681289,174.7312554191,140.7665882445,96.0209612465,13.5381729189,11.4739538321,10.4946365526,16.9666203151,55.6265057976
121,Spirochaetia,7.654148093,13.1997147144,11.5124448889,9.8103272354,8.7503448548,3.6729153122,8.6159878277,10.6131629459,10.2634295637,7.4618260245,4.5439542318,5.0077001896,6.064374755,7.0831521704,11.3409654206
122,Spirotrichea,0,0.0432777532,0,0.1016614221,0.0897471267,0,0,0,0,0.0363991513,0,0.0486184484,0,0.0823622345,0.0371834932
123,Stylonematophyceae,0,0,0,0,0.0448735634,0,0,0,0,0,0,0,0,0,0
124,Synergistia,4.6440898543,6.8811627531,6.6516348252,7.3196223929,3.6796321955,3.2371456989,8.1751698459,11.9317680396,8.4183186309,7.2798302683,3.3728320072,4.5701341532,4.9749661165,6.094805356,6.4699278135
125,Synurophyceae,0,0,0,0,0,0,0.040074362,0.0321610998,0,0.1819957567,0,0,0,0,0
126,Theionarchaea,0.086001664,0.0865555063,0.1279160544,0.5591378217,0,0,0.080148724,0,0.1921990555,0.109197454,0.046844889,0.0972368969,0.0363136213,0.0823622345,0.2974679454
127,Thermococci,0.2580049919,0.6058885442,1.0233284346,0.6607992438,0.1794942534,1.4940672456,0.8415616018,2.3477602882,0.5381573554,0.7279830269,0.5152937788,0.9237505205,0.9441541536,0.8236223455,1.4873397272
128,Thermodesulfobacteria,6.1921198053,5.7126634172,7.4830891781,3.9139647519,3.4103908151,1.1205504342,3.6868413027,4.3095873784,4.7665365764,3.421520226,0.702673335,2.3823039739,2.7598352177,3.6239383198,4.6479366476
129,Thermoflexia,0.4300083198,0.778999557,0.8954123802,1.0674449323,0.5384827603,0.0622528019,0.320594896,0.3216109983,0.384398111,0.327592362,0,0.0972368968,1.5977993364,1.8531502773,4.0158172632
130,Thermoleophilia,548.0026027725,656.6100709311,372.6834242741,847.7037683846,322.2370584696,305.474498937,391.005549924,584.5601506354,418.2251447595,336.764948219,473.4144480999,553.2293248299,618.4935977074,544.9085437331,556.3394249458
131,Thermomicrobia,19.5223777196,58.1220224916,65.6848938952,88.1404529809,78.2146209228,9.1511618795,24.4854351746,29.009312053,35.864343755,34.8339878368,9.7437369096,16.0440879862,29.813483073,42.3341885554,77.7506842344
132,Thermoplasmata,1.0320199675,4.068108797,3.2618593851,3.2023347968,2.2436781679,0.9337920285,0.9617846877,1.1577995941,2.1141896105,1.7835584156,0.5621386679,1.0209874172,0.9804677748,1.400157987,3.0862299342
133,Thermoprotei,3.7840732143,4.6739973412,8.8901657753,13.7242919864,8.2567356574,3.6106625103,8.6159878274,14.086561729,9.9559110747,8.481002263,0.421604001,1.5557903501,4.829711631,5.3123641277,11.1922314473
134,Thermotogae,4.2140815344,7.3139402843,11.9601510791,9.2003587023,8.8849655447,0.9960448304,5.0092952489,5.0171315747,5.9581707205,4.8774862797,1.4053466699,1.7016456953,3.449794022,4.7770096032,7.7341665819
135,Tissierellia,7.3101414373,23.0237646801,19.4432402571,31.6167022798,22.7957701834,2.3656064722,6.1313773844,8.0081138592,12.3007395518,11.0653420078,2.5764688947,3.9380943237,7.4079787421,9.5952003241,19.2610494666
136,Trebouxiophyceae,0.6020116478,0.8655550634,0.7035382989,0.864122088,0.4487356337,0.1867584057,1.1220821358,2.347760288,2.1526294216,1.0919745399,0.234224445,0.3403291389,0.3994498341,0.4118111727,0.6693028775
137,Tremellomycetes,0.5160099838,0.3894997784,0.6395802717,0.4066456885,0.628229887,0,0.20037181,0.1929665989,0.4997175443,0.5095881187,0.046844889,0.0486184484,0.1815681065,0.2059055863,1.0783213022
138,Ulvophyceae,0,0,0,0,0,0.1867584057,0,0.0321610998,0,0,0.093689778,0.1458553453,0,0,0
139,Ustilaginomycetes,0.3440066558,1.2117770884,0.3197901359,0.2033228442,0.3589885069,0.0622528019,0.20037181,0.1608054991,0.5765971665,0.54598727,0,0.0972368969,0.2905089703,0.2470867036,0.185917466
140,Verrucomicrobiae,62.6952130293,140.1333647284,100.7338927802,27.2452611292,26.4305288186,59.0779090061,131.5641304055,174.5382888184,126.0825804045,82.2256828836,41.0829676437,63.6415490114,41.2159601588,67.1252211506,48.6731925746
141,Wallemiomycetes,0,0,0.2558321086,0,0.0448735634,0,0.040074362,0.0643221997,0,0.109197454,0,0.0972368969,0,0.0823622345,0
142,Xylonomycetes,0.1720033279,0.2163887659,0.3197901358,0.4066456885,0,0.1245056038,0.040074362,0.0643221997,0,0,0.4216040009,0.3889475876,0.1815681064,0.3294489381,0
143,Zetaproteobacteria,0.086001664,1.8609433859,1.8547827878,0.6099685327,0.8974712672,0.2490112076,0.7614128779,1.2864439934,1.1147545219,0.873579632,0.5621386679,0.8265136235,1.0530950174,0.90598458,1.9707251389
